item_id,timestamp,target
AMD,2021-01-04,92.30000305175781
AMD,2021-01-05,92.7699966430664
AMD,2021-01-06,90.33000183105469
AMD,2021-01-07,95.16000366210938
AMD,2021-01-08,94.58000183105469
AMD,2021-01-11,97.25
AMD,2021-01-12,95.36000061035156
AMD,2021-01-13,91.77999877929688
AMD,2021-01-14,90.79000091552734
AMD,2021-01-15,88.20999908447266
AMD,2021-01-19,89.44999694824219
AMD,2021-01-20,88.75
AMD,2021-01-21,91.52999877929688
AMD,2021-01-22,92.79000091552734
AMD,2021-01-25,94.12999725341797
AMD,2021-01-26,94.70999908447266
AMD,2021-01-27,88.83999633789062
AMD,2021-01-28,87.5199966430664
AMD,2021-01-29,85.63999938964844
AMD,2021-02-01,87.66000366210938
AMD,2021-02-02,88.86000061035156
AMD,2021-02-03,87.88999938964844
AMD,2021-02-04,87.83999633789062
AMD,2021-02-05,87.9000015258789
AMD,2021-02-08,91.47000122070312
AMD,2021-02-09,90.91000366210938
AMD,2021-02-10,92.3499984741211
AMD,2021-02-11,92.66000366210938
AMD,2021-02-12,93.7699966430664
AMD,2021-02-16,91.45999908447266
AMD,2021-02-17,89.94000244140625
AMD,2021-02-18,88.63999938964844
AMD,2021-02-19,89.58000183105469
AMD,2021-02-22,85.37000274658203
AMD,2021-02-23,84.73999786376953
AMD,2021-02-24,86.94000244140625
AMD,2021-02-25,82.41999816894531
AMD,2021-02-26,84.51000213623047
AMD,2021-03-01,86.38999938964844
AMD,2021-03-02,84.12999725341797
AMD,2021-03-03,80.86000061035156
AMD,2021-03-04,77.75
AMD,2021-03-05,78.5199966430664
AMD,2021-03-08,73.95999908447266
AMD,2021-03-09,78.52999877929688
AMD,2021-03-10,77.5199966430664
AMD,2021-03-11,81.2300033569336
AMD,2021-03-12,81.05000305175781
AMD,2021-03-15,82.5
AMD,2021-03-16,82.75
AMD,2021-03-17,82.62999725341797
AMD,2021-03-18,78.12000274658203
AMD,2021-03-19,79.05999755859375
AMD,2021-03-22,80.30000305175781
AMD,2021-03-23,78.37999725341797
AMD,2021-03-24,76.4800033569336
AMD,2021-03-25,76.22000122070312
AMD,2021-03-26,77.41000366210938
AMD,2021-03-29,77.13999938964844
AMD,2021-03-30,76.0
AMD,2021-03-31,78.5
AMD,2021-04-01,81.08999633789062
AMD,2021-04-05,81.43000030517578
AMD,2021-04-06,81.44000244140625
AMD,2021-04-07,82.19999694824219
AMD,2021-04-08,83.3499984741211
AMD,2021-04-09,82.76000213623047
AMD,2021-04-12,78.58000183105469
AMD,2021-04-13,80.19000244140625
AMD,2021-04-14,78.55000305175781
AMD,2021-04-15,83.01000213623047
AMD,2021-04-16,82.1500015258789
AMD,2021-04-19,81.11000061035156
AMD,2021-04-20,79.2699966430664
AMD,2021-04-21,81.61000061035156
AMD,2021-04-22,79.05999755859375
AMD,2021-04-23,82.76000213623047
AMD,2021-04-26,85.41000366210938
AMD,2021-04-27,85.20999908447266
AMD,2021-04-28,84.0199966430664
AMD,2021-04-29,83.91000366210938
AMD,2021-04-30,81.62000274658203
AMD,2021-05-03,78.55000305175781
AMD,2021-05-04,78.61000061035156
AMD,2021-05-05,77.83000183105469
AMD,2021-05-06,77.88999938964844
AMD,2021-05-07,78.80999755859375
AMD,2021-05-10,75.98999786376953
AMD,2021-05-11,76.83000183105469
AMD,2021-05-12,74.63999938964844
AMD,2021-05-13,73.08999633789062
AMD,2021-05-14,74.58999633789062
AMD,2021-05-17,74.6500015258789
AMD,2021-05-18,74.44000244140625
AMD,2021-05-19,76.2300033569336
AMD,2021-05-20,78.05999755859375
AMD,2021-05-21,77.16999816894531
AMD,2021-05-24,77.44000244140625
AMD,2021-05-25,77.86000061035156
AMD,2021-05-26,78.33999633789062
AMD,2021-05-27,78.41999816894531
AMD,2021-05-28,80.08000183105469
AMD,2021-06-01,80.80999755859375
AMD,2021-06-02,81.97000122070312
AMD,2021-06-03,80.27999877929688
AMD,2021-06-04,81.58000183105469
AMD,2021-06-07,81.3499984741211
AMD,2021-06-08,80.88999938964844
AMD,2021-06-09,79.95999908447266
AMD,2021-06-10,81.55999755859375
AMD,2021-06-11,81.30999755859375
AMD,2021-06-14,81.55000305175781
AMD,2021-06-15,80.47000122070312
AMD,2021-06-16,80.11000061035156
AMD,2021-06-17,84.55999755859375
AMD,2021-06-18,84.6500015258789
AMD,2021-06-21,82.58999633789062
AMD,2021-06-22,83.58000183105469
AMD,2021-06-23,83.81999969482422
AMD,2021-06-24,86.0999984741211
AMD,2021-06-25,85.62000274658203
AMD,2021-06-28,87.08000183105469
AMD,2021-06-29,89.5199966430664
AMD,2021-06-30,93.93000030517578
AMD,2021-07-01,93.30999755859375
AMD,2021-07-02,94.69999694824219
AMD,2021-07-06,94.47000122070312
AMD,2021-07-07,90.54000091552734
AMD,2021-07-08,89.73999786376953
AMD,2021-07-09,90.9000015258789
AMD,2021-07-12,90.80999755859375
AMD,2021-07-13,90.26000213623047
AMD,2021-07-14,89.05000305175781
AMD,2021-07-15,86.93000030517578
AMD,2021-07-16,85.88999938964844
AMD,2021-07-19,86.58000183105469
AMD,2021-07-20,87.11000061035156
AMD,2021-07-21,89.41000366210938
AMD,2021-07-22,91.20999908447266
AMD,2021-07-23,92.1500015258789
AMD,2021-07-26,91.81999969482422
AMD,2021-07-27,91.02999877929688
AMD,2021-07-28,97.93000030517578
AMD,2021-07-29,102.94999694824219
AMD,2021-07-30,106.19000244140625
AMD,2021-08-02,108.62999725341797
AMD,2021-08-03,112.55999755859375
AMD,2021-08-04,118.7699966430664
AMD,2021-08-05,112.3499984741211
AMD,2021-08-06,110.11000061035156
AMD,2021-08-09,107.58000183105469
AMD,2021-08-10,106.4800033569336
AMD,2021-08-11,107.68000030517578
AMD,2021-08-12,106.5
AMD,2021-08-13,110.55000305175781
AMD,2021-08-16,107.4800033569336
AMD,2021-08-17,107.55999755859375
AMD,2021-08-18,103.44000244140625
AMD,2021-08-19,103.69999694824219
AMD,2021-08-20,104.6500015258789
AMD,2021-08-23,108.7699966430664
AMD,2021-08-24,107.6500015258789
AMD,2021-08-25,108.30000305175781
AMD,2021-08-26,107.2699966430664
AMD,2021-08-27,111.4000015258789
AMD,2021-08-30,111.31999969482422
AMD,2021-08-31,110.72000122070312
AMD,2021-09-01,109.98999786376953
AMD,2021-09-02,109.19999694824219
AMD,2021-09-03,109.91999816894531
AMD,2021-09-07,109.1500015258789
AMD,2021-09-08,106.16999816894531
AMD,2021-09-09,106.1500015258789
AMD,2021-09-10,105.19999694824219
AMD,2021-09-13,104.80000305175781
AMD,2021-09-14,105.7300033569336
AMD,2021-09-15,105.5999984741211
AMD,2021-09-16,106.22000122070312
AMD,2021-09-17,103.87999725341797
AMD,2021-09-20,101.55000305175781
AMD,2021-09-21,102.81999969482422
AMD,2021-09-22,104.37999725341797
AMD,2021-09-23,106.1500015258789
AMD,2021-09-24,105.80000305175781
AMD,2021-09-27,108.16000366210938
AMD,2021-09-28,101.5199966430664
AMD,2021-09-29,100.3499984741211
AMD,2021-09-30,102.9000015258789
AMD,2021-10-01,102.44999694824219
AMD,2021-10-04,100.33999633789062
AMD,2021-10-05,101.80999755859375
AMD,2021-10-06,103.63999938964844
AMD,2021-10-07,106.44999694824219
AMD,2021-10-08,105.05999755859375
AMD,2021-10-11,104.68000030517578
AMD,2021-10-12,105.04000091552734
AMD,2021-10-13,109.16000366210938
AMD,2021-10-14,111.98999786376953
AMD,2021-10-15,112.12000274658203
AMD,2021-10-18,116.43000030517578
AMD,2021-10-19,116.33000183105469
AMD,2021-10-20,116.38999938964844
AMD,2021-10-21,119.33000183105469
AMD,2021-10-22,119.81999969482422
AMD,2021-10-25,122.36000061035156
AMD,2021-10-26,122.93000030517578
AMD,2021-10-27,122.27999877929688
AMD,2021-10-28,121.16000366210938
AMD,2021-10-29,120.2300033569336
AMD,2021-11-01,125.2300033569336
AMD,2021-11-02,127.62999725341797
AMD,2021-11-03,130.52999877929688
AMD,2021-11-04,137.5
AMD,2021-11-05,136.33999633789062
AMD,2021-11-08,150.16000366210938
AMD,2021-11-09,148.9199981689453
AMD,2021-11-10,139.8699951171875
AMD,2021-11-11,146.00999450683594
AMD,2021-11-12,147.88999938964844
AMD,2021-11-15,146.49000549316406
AMD,2021-11-16,152.4499969482422
AMD,2021-11-17,151.33999633789062
AMD,2021-11-18,155.02000427246094
AMD,2021-11-19,155.41000366210938
AMD,2021-11-22,152.52000427246094
AMD,2021-11-23,149.9199981689453
AMD,2021-11-24,157.8000030517578
AMD,2021-11-26,154.80999755859375
AMD,2021-11-29,161.91000366210938
AMD,2021-11-30,158.3699951171875
AMD,2021-12-01,149.11000061035156
AMD,2021-12-02,150.67999267578125
AMD,2021-12-03,144.00999450683594
AMD,2021-12-06,139.05999755859375
AMD,2021-12-07,144.85000610351562
AMD,2021-12-08,145.24000549316406
AMD,2021-12-09,138.10000610351562
AMD,2021-12-10,138.5500030517578
AMD,2021-12-13,133.8000030517578
AMD,2021-12-14,135.60000610351562
AMD,2021-12-15,146.5
AMD,2021-12-16,138.63999938964844
AMD,2021-12-17,137.75
AMD,2021-12-20,135.8000030517578
AMD,2021-12-21,144.25
AMD,2021-12-22,143.8800048828125
AMD,2021-12-23,146.13999938964844
AMD,2021-12-27,154.36000061035156
AMD,2021-12-28,153.14999389648438
AMD,2021-12-29,148.25999450683594
AMD,2021-12-30,145.14999389648438
AMD,2021-12-31,143.89999389648438
AMD,2022-01-03,150.24000549316406
AMD,2022-01-04,144.4199981689453
AMD,2022-01-05,136.14999389648438
AMD,2022-01-06,136.22999572753906
AMD,2022-01-07,132.0
AMD,2022-01-10,132.0
AMD,2022-01-11,137.30999755859375
AMD,2022-01-12,137.47000122070312
AMD,2022-01-13,132.74000549316406
AMD,2022-01-14,136.8800048828125
AMD,2022-01-18,131.92999267578125
AMD,2022-01-19,128.27000427246094
AMD,2022-01-20,121.88999938964844
AMD,2022-01-21,118.80999755859375
AMD,2022-01-24,116.52999877929688
AMD,2022-01-25,111.12999725341797
AMD,2022-01-26,110.70999908447266
AMD,2022-01-27,102.5999984741211
AMD,2022-01-28,105.23999786376953
AMD,2022-01-31,114.25
AMD,2022-02-01,116.77999877929688
AMD,2022-02-02,122.76000213623047
AMD,2022-02-03,120.08000183105469
AMD,2022-02-04,123.5999984741211
AMD,2022-02-07,123.66999816894531
AMD,2022-02-08,128.22999572753906
AMD,2022-02-09,132.85000610351562
AMD,2022-02-10,125.7699966430664
AMD,2022-02-11,113.18000030517578
AMD,2022-02-14,114.2699966430664
AMD,2022-02-15,121.47000122070312
AMD,2022-02-16,117.69000244140625
AMD,2022-02-17,112.37000274658203
AMD,2022-02-18,113.83000183105469
AMD,2022-02-22,115.6500015258789
AMD,2022-02-23,109.76000213623047
AMD,2022-02-24,116.61000061035156
AMD,2022-02-25,121.05999755859375
AMD,2022-02-28,123.33999633789062
AMD,2022-03-01,113.83000183105469
AMD,2022-03-02,118.27999877929688
AMD,2022-03-03,111.9800033569336
AMD,2022-03-04,108.41000366210938
AMD,2022-03-07,102.94999694824219
AMD,2022-03-08,105.52999877929688
AMD,2022-03-09,111.05000305175781
AMD,2022-03-10,106.45999908447266
AMD,2022-03-11,104.29000091552734
AMD,2022-03-14,102.25
AMD,2022-03-15,109.33000183105469
AMD,2022-03-16,115.37000274658203
AMD,2022-03-17,111.69000244140625
AMD,2022-03-18,113.45999908447266
AMD,2022-03-21,115.91999816894531
AMD,2022-03-22,114.77999877929688
AMD,2022-03-23,113.91999816894531
AMD,2022-03-24,120.52999877929688
AMD,2022-03-25,119.66999816894531
AMD,2022-03-28,120.23999786376953
AMD,2022-03-29,123.2300033569336
AMD,2022-03-30,119.22000122070312
AMD,2022-03-31,109.33999633789062
AMD,2022-04-01,108.19000244140625
AMD,2022-04-04,110.52999877929688
AMD,2022-04-05,106.81999969482422
AMD,2022-04-06,103.66999816894531
AMD,2022-04-07,103.72000122070312
AMD,2022-04-08,101.0
AMD,2022-04-11,97.37000274658203
AMD,2022-04-12,95.0999984741211
AMD,2022-04-13,97.73999786376953
AMD,2022-04-14,93.05999755859375
AMD,2022-04-18,93.88999938964844
AMD,2022-04-19,96.93000030517578
AMD,2022-04-20,94.0199966430664
AMD,2022-04-21,89.8499984741211
AMD,2022-04-22,88.13999938964844
AMD,2022-04-25,90.69000244140625
AMD,2022-04-26,85.16000366210938
AMD,2022-04-27,84.91000366210938
AMD,2022-04-28,89.63999938964844
AMD,2022-04-29,85.5199966430664
AMD,2022-05-02,89.83999633789062
AMD,2022-05-03,91.12999725341797
AMD,2022-05-04,99.41999816894531
AMD,2022-05-05,93.87000274658203
AMD,2022-05-06,95.33999633789062
AMD,2022-05-09,86.36000061035156
AMD,2022-05-10,88.7300033569336
AMD,2022-05-11,87.91999816894531
AMD,2022-05-12,87.05999755859375
AMD,2022-05-13,95.12000274658203
AMD,2022-05-16,94.23999786376953
AMD,2022-05-17,102.47000122070312
AMD,2022-05-18,96.27999877929688
AMD,2022-05-19,96.66999816894531
AMD,2022-05-20,93.5
AMD,2022-05-23,95.06999969482422
AMD,2022-05-24,91.16000366210938
AMD,2022-05-25,92.6500015258789
AMD,2022-05-26,98.75
AMD,2022-05-27,102.26000213623047
AMD,2022-05-31,101.86000061035156
AMD,2022-06-01,101.22000122070312
AMD,2022-06-02,108.58999633789062
AMD,2022-06-03,106.30000305175781
AMD,2022-06-06,105.6500015258789
AMD,2022-06-07,105.27999877929688
AMD,2022-06-08,101.9000015258789
AMD,2022-06-09,98.80000305175781
AMD,2022-06-10,94.81999969482422
AMD,2022-06-13,86.98999786376953
AMD,2022-06-14,86.98999786376953
AMD,2022-06-15,89.30000305175781
AMD,2022-06-16,82.05000305175781
AMD,2022-06-17,81.56999969482422
AMD,2022-06-21,83.79000091552734
AMD,2022-06-22,83.75
AMD,2022-06-23,82.43000030517578
AMD,2022-06-24,87.08000183105469
AMD,2022-06-27,86.16000366210938
AMD,2022-06-28,80.77999877929688
AMD,2022-06-29,77.98999786376953
AMD,2022-06-30,76.47000122070312
AMD,2022-07-01,73.66999816894531
AMD,2022-07-05,75.19999694824219
AMD,2022-07-06,75.3499984741211
AMD,2022-07-07,79.30000305175781
AMD,2022-07-08,79.3499984741211
AMD,2022-07-11,76.94999694824219
AMD,2022-07-12,76.36000061035156
AMD,2022-07-13,77.5199966430664
AMD,2022-07-14,78.5999984741211
AMD,2022-07-15,81.11000061035156
AMD,2022-07-18,81.43000030517578
AMD,2022-07-19,85.87999725341797
AMD,2022-07-20,89.43000030517578
AMD,2022-07-21,91.08999633789062
AMD,2022-07-22,88.0999984741211
AMD,2022-07-25,87.54000091552734
AMD,2022-07-26,85.25
AMD,2022-07-27,89.81999969482422
AMD,2022-07-28,91.66999816894531
AMD,2022-07-29,94.47000122070312
AMD,2022-08-01,96.77999877929688
AMD,2022-08-02,99.29000091552734
AMD,2022-08-03,98.08999633789062
AMD,2022-08-04,103.91000366210938
AMD,2022-08-05,102.30999755859375
AMD,2022-08-08,100.06999969482422
AMD,2022-08-09,95.54000091552734
AMD,2022-08-10,99.05000305175781
AMD,2022-08-11,98.12000274658203
AMD,2022-08-12,100.83000183105469
AMD,2022-08-15,101.01000213623047
AMD,2022-08-16,100.19999694824219
AMD,2022-08-17,98.2699966430664
AMD,2022-08-18,100.44000244140625
AMD,2022-08-19,95.94999694824219
AMD,2022-08-22,92.83999633789062
AMD,2022-08-23,92.48999786376953
AMD,2022-08-24,92.7300033569336
AMD,2022-08-25,97.18000030517578
AMD,2022-08-26,91.18000030517578
AMD,2022-08-29,88.48999786376953
AMD,2022-08-30,86.94000244140625
AMD,2022-08-31,84.87000274658203
AMD,2022-09-01,82.33000183105469
AMD,2022-09-02,80.23999786376953
AMD,2022-09-06,78.72000122070312
AMD,2022-09-07,79.61000061035156
AMD,2022-09-08,82.77999877929688
AMD,2022-09-09,85.44999694824219
AMD,2022-09-12,84.63999938964844
AMD,2022-09-13,77.02999877929688
AMD,2022-09-14,77.44999694824219
AMD,2022-09-15,76.66000366210938
AMD,2022-09-16,76.51000213623047
AMD,2022-09-19,76.7699966430664
AMD,2022-09-20,75.25
AMD,2022-09-21,74.4800033569336
AMD,2022-09-22,69.5
AMD,2022-09-23,67.95999908447266
AMD,2022-09-26,66.30000305175781
AMD,2022-09-27,67.16999816894531
AMD,2022-09-28,68.36000061035156
AMD,2022-09-29,64.13999938964844
AMD,2022-09-30,63.36000061035156
AMD,2022-10-03,66.11000061035156
AMD,2022-10-04,67.9000015258789
AMD,2022-10-05,67.94000244140625
AMD,2022-10-06,67.8499984741211
AMD,2022-10-07,58.439998626708984
AMD,2022-10-10,57.810001373291016
AMD,2022-10-11,57.630001068115234
AMD,2022-10-12,57.849998474121094
AMD,2022-10-13,58.939998626708984
AMD,2022-10-14,55.939998626708984
AMD,2022-10-17,57.959999084472656
AMD,2022-10-18,57.91999816894531
AMD,2022-10-19,57.22999954223633
AMD,2022-10-20,57.77000045776367
AMD,2022-10-21,58.81999969482422
AMD,2022-10-24,58.70000076293945
AMD,2022-10-25,61.470001220703125
AMD,2022-10-26,59.72999954223633
AMD,2022-10-27,58.599998474121094
AMD,2022-10-28,62.0099983215332
AMD,2022-10-31,60.060001373291016
AMD,2022-11-01,59.65999984741211
AMD,2022-11-02,58.630001068115234
AMD,2022-11-03,60.11000061035156
AMD,2022-11-04,62.189998626708984
AMD,2022-11-07,63.08000183105469
AMD,2022-11-08,63.849998474121094
AMD,2022-11-09,59.91999816894531
AMD,2022-11-10,68.47000122070312
AMD,2022-11-11,72.37000274658203
AMD,2022-11-14,73.52999877929688
AMD,2022-11-15,76.37000274658203
AMD,2022-11-16,72.69999694824219
AMD,2022-11-17,73.9000015258789
AMD,2022-11-18,73.56999969482422
AMD,2022-11-21,72.45999908447266
AMD,2022-11-22,75.25
AMD,2022-11-23,76.4000015258789
AMD,2022-11-25,75.13999938964844
AMD,2022-11-28,73.19000244140625
AMD,2022-11-29,73.38999938964844
AMD,2022-11-30,77.62999725341797
AMD,2022-12-01,77.4800033569336
AMD,2022-12-02,74.9800033569336
AMD,2022-12-05,73.62000274658203
AMD,2022-12-06,70.2699966430664
AMD,2022-12-07,70.13999938964844
AMD,2022-12-08,70.47000122070312
AMD,2022-12-09,68.58999633789062
AMD,2022-12-12,70.66999816894531
AMD,2022-12-13,71.6500015258789
AMD,2022-12-14,68.93000030517578
AMD,2022-12-15,66.52999877929688
AMD,2022-12-16,65.41000366210938
AMD,2022-12-19,64.58999633789062
AMD,2022-12-20,65.05000305175781
AMD,2022-12-21,67.68000030517578
AMD,2022-12-22,63.86000061035156
AMD,2022-12-23,64.5199966430664
AMD,2022-12-27,63.27000045776367
AMD,2022-12-28,62.56999969482422
AMD,2022-12-29,64.81999969482422
AMD,2022-12-30,64.7699966430664
AMD,2023-01-03,64.0199966430664
AMD,2023-01-04,64.66000366210938
AMD,2023-01-05,62.33000183105469
AMD,2023-01-06,63.959999084472656
AMD,2023-01-09,67.23999786376953
AMD,2023-01-10,68.05000305175781
AMD,2023-01-11,69.05999755859375
AMD,2023-01-12,70.80000305175781
AMD,2023-01-13,71.0
AMD,2023-01-17,71.58999633789062
AMD,2023-01-18,70.52999877929688
AMD,2023-01-19,67.70999908447266
AMD,2023-01-20,70.06999969482422
AMD,2023-01-23,76.52999877929688
AMD,2023-01-24,74.69999694824219
AMD,2023-01-25,74.91000366210938
AMD,2023-01-26,75.16000366210938
AMD,2023-01-27,75.4000015258789
AMD,2023-01-30,72.44999694824219
AMD,2023-01-31,75.1500015258789
AMD,2023-02-01,84.63999938964844
AMD,2023-02-02,88.30999755859375
AMD,2023-02-03,86.08999633789062
AMD,2023-02-06,83.68000030517578
AMD,2023-02-07,85.91000366210938
AMD,2023-02-08,84.69000244140625
AMD,2023-02-09,83.20999908447266
AMD,2023-02-10,81.4800033569336
AMD,2023-02-13,83.12999725341797
AMD,2023-02-14,85.94999694824219
AMD,2023-02-15,85.18000030517578
AMD,2023-02-16,80.08000183105469
AMD,2023-02-17,78.5
AMD,2023-02-21,76.7699966430664
AMD,2023-02-22,76.61000061035156
AMD,2023-02-23,79.75
AMD,2023-02-24,78.08999633789062
AMD,2023-02-27,78.7699966430664
AMD,2023-02-28,78.58000183105469
AMD,2023-03-01,78.29000091552734
AMD,2023-03-02,80.44000244140625
AMD,2023-03-03,81.5199966430664
AMD,2023-03-06,81.16000366210938
AMD,2023-03-07,82.11000061035156
AMD,2023-03-08,85.37000274658203
AMD,2023-03-09,84.02999877929688
AMD,2023-03-10,82.66999816894531
AMD,2023-03-13,82.01000213623047
AMD,2023-03-14,87.44999694824219
AMD,2023-03-15,89.68000030517578
AMD,2023-03-16,96.5999984741211
AMD,2023-03-17,97.83999633789062
AMD,2023-03-20,96.80999755859375
AMD,2023-03-21,95.93000030517578
AMD,2023-03-22,97.58000183105469
AMD,2023-03-23,100.27999877929688
AMD,2023-03-24,97.94999694824219
AMD,2023-03-27,96.61000061035156
AMD,2023-03-28,94.55999755859375
AMD,2023-03-29,96.08999633789062
AMD,2023-03-30,97.87999725341797
AMD,2023-03-31,98.01000213623047
AMD,2023-04-03,96.55999755859375
AMD,2023-04-04,95.87000274658203
AMD,2023-04-05,92.55999755859375
AMD,2023-04-06,92.47000122070312
AMD,2023-04-10,95.4800033569336
AMD,2023-04-11,94.02999877929688
AMD,2023-04-12,92.33000183105469
AMD,2023-04-13,92.08999633789062
AMD,2023-04-14,91.75
AMD,2023-04-17,89.87000274658203
AMD,2023-04-18,89.77999877929688
AMD,2023-04-19,89.94000244140625
AMD,2023-04-20,90.11000061035156
AMD,2023-04-21,88.43000030517578
AMD,2023-04-24,87.56999969482422
AMD,2023-04-25,83.80000305175781
AMD,2023-04-26,85.94000244140625
AMD,2023-04-27,87.44000244140625
AMD,2023-04-28,89.37000274658203
AMD,2023-05-01,89.69000244140625
AMD,2023-05-02,89.91000366210938
AMD,2023-05-03,81.62000274658203
AMD,2023-05-04,86.61000061035156
AMD,2023-05-05,89.83999633789062
AMD,2023-05-08,95.04000091552734
AMD,2023-05-09,95.05999755859375
AMD,2023-05-10,97.0199966430664
AMD,2023-05-11,97.0999984741211
AMD,2023-05-12,95.26000213623047
AMD,2023-05-15,97.4000015258789
AMD,2023-05-16,101.4800033569336
AMD,2023-05-17,103.75
AMD,2023-05-18,107.93000030517578
AMD,2023-05-19,105.81999969482422
AMD,2023-05-22,108.0
AMD,2023-05-23,108.12000274658203
AMD,2023-05-24,108.2699966430664
AMD,2023-05-25,120.3499984741211
AMD,2023-05-26,127.02999877929688
AMD,2023-05-30,125.2699966430664
AMD,2023-05-31,118.20999908447266
AMD,2023-06-01,119.47000122070312
AMD,2023-06-02,117.86000061035156
AMD,2023-06-05,117.93000030517578
AMD,2023-06-06,124.2300033569336
AMD,2023-06-07,117.83000183105469
AMD,2023-06-08,121.05000305175781
AMD,2023-06-09,124.91999816894531
AMD,2023-06-12,129.19000244140625
AMD,2023-06-13,124.52999877929688
AMD,2023-06-14,127.33000183105469
AMD,2023-06-15,124.23999786376953
AMD,2023-06-16,120.08000183105469
AMD,2023-06-20,118.93000030517578
AMD,2023-06-21,112.11000061035156
AMD,2023-06-22,110.69999694824219
AMD,2023-06-23,110.01000213623047
AMD,2023-06-26,107.51000213623047
AMD,2023-06-27,110.38999938964844
AMD,2023-06-28,110.16999816894531
AMD,2023-06-29,111.23999786376953
AMD,2023-06-30,113.91000366210938
AMD,2023-07-03,115.81999969482422
AMD,2023-07-05,113.94999694824219
AMD,2023-07-06,113.4800033569336
AMD,2023-07-07,113.16999816894531
AMD,2023-07-10,113.58000183105469
AMD,2023-07-11,111.31999969482422
AMD,2023-07-12,114.58000183105469
AMD,2023-07-13,115.91999816894531
AMD,2023-07-14,115.94000244140625
AMD,2023-07-17,118.31999969482422
AMD,2023-07-18,117.93000030517578
AMD,2023-07-19,116.43000030517578
AMD,2023-07-20,110.25
AMD,2023-07-21,110.94999694824219
AMD,2023-07-24,110.61000061035156
AMD,2023-07-25,113.0
AMD,2023-07-26,110.08999633789062
AMD,2023-07-27,111.0999984741211
AMD,2023-07-28,112.95999908447266
AMD,2023-07-31,114.4000015258789
AMD,2023-08-01,117.5999984741211
AMD,2023-08-02,109.3499984741211
AMD,2023-08-03,113.1500015258789
AMD,2023-08-04,115.81999969482422
AMD,2023-08-07,116.80999755859375
AMD,2023-08-08,113.2300033569336
AMD,2023-08-09,110.47000122070312
AMD,2023-08-10,110.2300033569336
AMD,2023-08-11,107.56999969482422
AMD,2023-08-14,111.9800033569336
AMD,2023-08-15,111.3499984741211
AMD,2023-08-16,107.19000244140625
AMD,2023-08-17,104.44000244140625
AMD,2023-08-18,105.44999694824219
AMD,2023-08-21,108.22000122070312
AMD,2023-08-22,105.66000366210938
AMD,2023-08-23,109.43000030517578
AMD,2023-08-24,101.80000305175781
AMD,2023-08-25,102.25
AMD,2023-08-28,102.61000061035156
AMD,2023-08-29,105.91999816894531
AMD,2023-08-30,106.58999633789062
AMD,2023-08-31,105.72000122070312
AMD,2023-09-01,109.44999694824219
AMD,2023-09-05,110.77999877929688
AMD,2023-09-06,109.27999877929688
AMD,2023-09-07,106.58999633789062
AMD,2023-09-08,106.08999633789062
AMD,2023-09-11,105.31999969482422
AMD,2023-09-12,105.30999755859375
AMD,2023-09-13,107.70999908447266
AMD,2023-09-14,106.62999725341797
AMD,2023-09-15,101.48999786376953
AMD,2023-09-18,102.37000274658203
AMD,2023-09-19,101.61000061035156
AMD,2023-09-20,100.33999633789062
AMD,2023-09-21,96.11000061035156
AMD,2023-09-22,96.19999694824219
AMD,2023-09-25,97.37999725341797
AMD,2023-09-26,95.95999908447266
AMD,2023-09-27,98.06999969482422
AMD,2023-09-28,102.76000213623047
AMD,2023-09-29,102.81999969482422
AMD,2023-10-02,103.2699966430664
AMD,2023-10-03,100.08000183105469
AMD,2023-10-04,104.06999969482422
AMD,2023-10-05,102.91000366210938
AMD,2023-10-06,107.23999786376953
AMD,2023-10-09,106.97000122070312
AMD,2023-10-10,109.01000213623047
AMD,2023-10-11,108.30999755859375
AMD,2023-10-12,108.79000091552734
AMD,2023-10-13,105.08999633789062
AMD,2023-10-16,106.45999908447266
AMD,2023-10-17,105.13999938964844
AMD,2023-10-18,102.16999816894531
AMD,2023-10-19,102.4000015258789
AMD,2023-10-20,101.80999755859375
AMD,2023-10-23,100.01000213623047
AMD,2023-10-24,101.66999816894531
AMD,2023-10-25,96.05999755859375
AMD,2023-10-26,93.66999816894531
AMD,2023-10-27,96.43000030517578
AMD,2023-10-30,96.18000030517578
AMD,2023-10-31,98.5
AMD,2023-11-01,108.04000091552734
AMD,2023-11-02,107.83000183105469
AMD,2023-11-03,112.25
AMD,2023-11-06,111.75
AMD,2023-11-07,113.44999694824219
AMD,2023-11-08,113.58999633789062
AMD,2023-11-09,113.48999786376953
AMD,2023-11-10,118.58999633789062
AMD,2023-11-13,116.79000091552734
AMD,2023-11-14,119.87999725341797
AMD,2023-11-15,118.0
AMD,2023-11-16,119.83000183105469
AMD,2023-11-17,120.62000274658203
AMD,2023-11-20,121.52999877929688
AMD,2023-11-21,119.16000366210938
AMD,2023-11-22,122.51000213623047
AMD,2023-11-24,122.30999755859375
AMD,2023-11-27,122.6500015258789
AMD,2023-11-28,122.01000213623047
AMD,2023-11-29,123.8499984741211
AMD,2023-11-30,121.16000366210938
AMD,2023-12-01,121.38999938964844
AMD,2023-12-04,118.56999969482422
AMD,2023-12-05,118.37999725341797
AMD,2023-12-06,116.81999969482422
AMD,2023-12-07,128.3699951171875
AMD,2023-12-08,128.9199981689453
AMD,2023-12-11,134.41000366210938
AMD,2023-12-12,137.61000061035156
AMD,2023-12-13,138.19000244140625
AMD,2023-12-14,138.0
AMD,2023-12-15,139.14999389648438
AMD,2023-12-18,138.89999389648438
AMD,2023-12-19,140.14999389648438
AMD,2023-12-20,135.47000122070312
AMD,2023-12-21,139.91000366210938
AMD,2023-12-22,139.60000610351562
AMD,2023-12-26,143.41000366210938
AMD,2023-12-27,146.07000732421875
AMD,2023-12-28,148.75999450683594
AMD,2023-12-29,147.41000366210938
AMD,2024-01-02,138.5800018310547
AMD,2024-01-03,135.32000732421875
AMD,2024-01-04,136.00999450683594
AMD,2024-01-05,138.5800018310547
AMD,2024-01-08,146.17999267578125
AMD,2024-01-09,149.25999450683594
AMD,2024-01-10,148.5399932861328
AMD,2024-01-11,148.02000427246094
AMD,2024-01-12,146.55999755859375
AMD,2024-01-16,158.74000549316406
AMD,2024-01-17,160.1699981689453
AMD,2024-01-18,162.6699981689453
AMD,2024-01-19,174.22999572753906
AMD,2024-01-22,168.17999267578125
AMD,2024-01-23,168.4199981689453
AMD,2024-01-24,178.2899932861328
AMD,2024-01-25,180.3300018310547
AMD,2024-01-26,177.25
AMD,2024-01-29,177.8300018310547
AMD,2024-01-30,172.05999755859375
AMD,2024-01-31,167.69000244140625
AMD,2024-02-01,170.47999572753906
AMD,2024-02-02,177.66000366210938
AMD,2024-02-05,174.22999572753906
AMD,2024-02-06,167.8800048828125
AMD,2024-02-07,170.94000244140625
AMD,2024-02-08,169.35000610351562
AMD,2024-02-09,172.47999572753906
AMD,2024-02-12,171.91000366210938
AMD,2024-02-13,171.5399932861328
AMD,2024-02-14,178.6999969482422
AMD,2024-02-15,176.75999450683594
AMD,2024-02-16,173.8699951171875
AMD,2024-02-20,165.69000244140625
AMD,2024-02-21,164.2899932861328
AMD,2024-02-22,181.86000061035156
AMD,2024-02-23,176.52000427246094
AMD,2024-02-26,176.00999450683594
AMD,2024-02-27,178.0
AMD,2024-02-28,176.5399932861328
AMD,2024-02-29,192.52999877929688
AMD,2024-03-01,202.63999938964844
AMD,2024-03-04,205.36000061035156
AMD,2024-03-05,205.1300048828125
AMD,2024-03-06,210.6300048828125
AMD,2024-03-07,211.3800048828125
AMD,2024-03-08,207.38999938964844
AMD,2024-03-11,198.38999938964844
AMD,2024-03-12,202.75999450683594
AMD,2024-03-13,194.7899932861328
AMD,2024-03-14,187.05999755859375
AMD,2024-03-15,191.05999755859375
AMD,2024-03-18,190.64999389648438
AMD,2024-03-19,181.4199981689453
AMD,2024-03-20,179.72999572753906
AMD,2024-03-21,178.67999267578125
AMD,2024-03-22,179.64999389648438
AMD,2024-03-25,178.6300048828125
AMD,2024-03-26,177.8699951171875
AMD,2024-03-27,179.58999633789062
AMD,2024-03-28,180.49000549316406
AMD,2024-04-01,183.33999633789062
AMD,2024-04-02,178.6999969482422
AMD,2024-04-03,180.77000427246094
AMD,2024-04-04,165.8300018310547
AMD,2024-04-05,170.4199981689453
AMD,2024-04-08,169.89999389648438
AMD,2024-04-09,170.77999877929688
AMD,2024-04-10,167.13999938964844
AMD,2024-04-11,170.5
AMD,2024-04-12,163.27999877929688
AMD,2024-04-15,160.32000732421875
AMD,2024-04-16,163.4600067138672
AMD,2024-04-17,154.02000427246094
AMD,2024-04-18,155.0800018310547
AMD,2024-04-19,146.63999938964844
AMD,2024-04-22,148.63999938964844
AMD,2024-04-23,152.27000427246094
AMD,2024-04-24,151.74000549316406
AMD,2024-04-25,153.75999450683594
AMD,2024-04-26,157.39999389648438
AMD,2024-04-29,160.1999969482422
AMD,2024-04-30,158.3800048828125
AMD,2024-05-01,144.27000427246094
AMD,2024-05-02,146.16000366210938
AMD,2024-05-03,150.60000610351562
AMD,2024-05-06,155.77999877929688
AMD,2024-05-07,154.42999267578125
AMD,2024-05-08,153.6199951171875
AMD,2024-05-09,152.38999938964844
AMD,2024-05-10,151.9199981689453
AMD,2024-05-13,150.55999755859375
AMD,2024-05-14,153.16000366210938
AMD,2024-05-15,159.6699981689453
AMD,2024-05-16,162.6199951171875
AMD,2024-05-17,164.47000122070312
AMD,2024-05-20,166.3300018310547
AMD,2024-05-21,164.66000366210938
AMD,2024-05-22,165.52000427246094
AMD,2024-05-23,160.42999267578125
AMD,2024-05-24,166.36000061035156
AMD,2024-05-28,171.61000061035156
AMD,2024-05-29,165.13999938964844
AMD,2024-05-30,166.75
AMD,2024-05-31,166.89999389648438
AMD,2024-06-03,163.5500030517578
AMD,2024-06-04,159.99000549316406
AMD,2024-06-05,166.1699981689453
AMD,2024-06-06,166.77999877929688
AMD,2024-06-07,167.8699951171875
AMD,2024-06-10,160.33999633789062
AMD,2024-06-11,158.9600067138672
AMD,2024-06-12,160.24000549316406
AMD,2024-06-13,159.89999389648438
AMD,2024-06-14,159.6300048828125
AMD,2024-06-17,158.39999389648438
AMD,2024-06-18,154.6300048828125
AMD,2024-06-20,161.77999877929688
AMD,2024-06-21,161.22999572753906
AMD,2024-06-24,160.25
AMD,2024-06-25,160.25
AMD,2024-06-26,157.5399932861328
AMD,2024-06-27,159.47000122070312
AMD,2024-06-28,162.2100067138672
AMD,2024-07-01,157.69000244140625
AMD,2024-07-02,164.30999755859375
AMD,2024-07-03,163.89999389648438
AMD,2024-07-05,171.89999389648438
AMD,2024-07-08,178.69000244140625
AMD,2024-07-09,177.10000610351562
AMD,2024-07-10,183.9600067138672
AMD,2024-07-11,181.94000244140625
AMD,2024-07-12,181.61000061035156
AMD,2024-07-15,179.8300018310547
AMD,2024-07-16,177.5500030517578
AMD,2024-07-17,159.42999267578125
AMD,2024-07-18,155.77000427246094
AMD,2024-07-19,151.5800018310547
AMD,2024-07-22,155.8699951171875
AMD,2024-07-23,154.0
AMD,2024-07-24,144.6300048828125
AMD,2024-07-25,138.32000732421875
AMD,2024-07-26,139.99000549316406
AMD,2024-07-29,139.75
AMD,2024-07-30,138.44000244140625
AMD,2024-07-31,144.47999572753906
AMD,2024-08-01,132.5399932861328
AMD,2024-08-02,132.5
AMD,2024-08-05,134.82000732421875
AMD,2024-08-06,130.17999267578125
AMD,2024-08-07,128.6699981689453
AMD,2024-08-08,136.32000732421875
AMD,2024-08-09,134.27000427246094
AMD,2024-08-12,136.77000427246094
AMD,2024-08-13,141.1300048828125
AMD,2024-08-14,140.75
AMD,2024-08-15,147.36000061035156
AMD,2024-08-16,148.55999755859375
AMD,2024-08-19,155.27999877929688
AMD,2024-08-20,156.39999389648438
AMD,2024-08-21,157.80999755859375
AMD,2024-08-22,151.6999969482422
AMD,2024-08-23,154.97999572753906
AMD,2024-08-26,149.99000549316406
AMD,2024-08-27,150.5
AMD,2024-08-28,146.36000061035156
AMD,2024-08-29,145.49000549316406
AMD,2024-08-30,148.55999755859375
AMD,2024-09-03,136.94000244140625
AMD,2024-09-04,140.8699951171875
AMD,2024-09-05,139.44000244140625
AMD,2024-09-06,134.35000610351562
AMD,2024-09-09,138.14999389648438
AMD,2024-09-10,142.83999633789062
AMD,2024-09-11,149.86000061035156
AMD,2024-09-12,150.77000427246094
AMD,2024-09-13,152.30999755859375
AMD,2024-09-16,152.0800018310547
AMD,2024-09-17,150.82000732421875
AMD,2024-09-18,148.2899932861328
AMD,2024-09-19,156.74000549316406
AMD,2024-09-20,155.9499969482422
AMD,2024-09-23,156.75
AMD,2024-09-24,158.32000732421875
AMD,2024-09-25,162.02000427246094
AMD,2024-09-26,167.49000549316406
AMD,2024-09-27,164.35000610351562
AMD,2024-09-30,164.0800018310547
AMD,2024-10-01,159.75
AMD,2024-10-02,159.77999877929688
AMD,2024-10-03,162.85000610351562
AMD,2024-10-04,170.89999389648438
AMD,2024-10-07,170.97000122070312
AMD,2024-10-08,172.8000030517578
AMD,2024-10-09,171.02000427246094
AMD,2024-10-10,164.17999267578125
AMD,2024-10-11,167.88999938964844
AMD,2024-10-14,165.27000427246094
AMD,2024-10-15,156.63999938964844
AMD,2024-10-16,156.1300048828125
AMD,2024-10-17,156.25
AMD,2024-10-18,155.97000122070312
AMD,2024-10-21,157.89999389648438
AMD,2024-10-22,154.08999633789062
AMD,2024-10-23,152.91000366210938
AMD,2024-10-24,153.44000244140625
AMD,2024-10-25,156.22999572753906
AMD,2024-10-28,159.9199981689453
AMD,2024-10-29,166.25
AMD,2024-10-30,148.60000610351562
AMD,2024-10-31,144.07000732421875
AMD,2024-11-01,141.86000061035156
AMD,2024-11-04,140.7100067138672
AMD,2024-11-05,141.66000366210938
AMD,2024-11-06,145.10000610351562
AMD,2024-11-07,149.82000732421875
AMD,2024-11-08,147.9499969482422
AMD,2024-11-11,147.35000610351562
AMD,2024-11-12,143.6300048828125
AMD,2024-11-13,139.3000030517578
AMD,2024-11-14,138.83999633789062
AMD,2024-11-15,134.89999389648438
AMD,2024-11-18,138.92999267578125
AMD,2024-11-19,139.38999938964844
AMD,2024-11-20,137.60000610351562
AMD,2024-11-21,137.49000549316406
AMD,2024-11-22,138.35000610351562
AMD,2024-11-25,141.1300048828125
AMD,2024-11-26,137.72000122070312
AMD,2024-11-27,136.24000549316406
AMD,2024-11-29,137.17999267578125
AMD,2024-12-02,142.05999755859375
AMD,2024-12-03,141.97999572753906
AMD,2024-12-04,143.99000549316406
AMD,2024-12-05,141.36000061035156
AMD,2024-12-06,138.58999633789062
AMD,2024-12-09,130.8699951171875
AMD,2024-12-10,127.73999786376953
AMD,2024-12-11,130.14999389648438
AMD,2024-12-12,130.60000610351562
AMD,2024-12-13,126.91000366210938
AMD,2024-12-16,126.69000244140625
AMD,2024-12-17,125.0199966430664
AMD,2024-12-18,121.41000366210938
AMD,2024-12-19,118.87999725341797
AMD,2024-12-20,119.20999908447266
AMD,2024-12-23,124.5999984741211
AMD,2024-12-24,126.29000091552734
AMD,2024-12-26,125.05999755859375
AMD,2024-12-27,125.19000244140625
AMD,2024-12-30,122.44000244140625
AMD,2024-12-31,120.79000091552734
AMD,2025-01-02,120.62999725341797
AMD,2025-01-03,125.37000274658203
AMD,2025-01-06,129.5500030517578
AMD,2025-01-07,127.33000183105469
AMD,2025-01-08,121.83999633789062
AMD,2025-01-10,116.04000091552734
AMD,2025-01-13,117.31999969482422
AMD,2025-01-14,116.08999633789062
AMD,2025-01-15,119.95999908447266
AMD,2025-01-16,118.44000244140625
AMD,2025-01-17,121.45999908447266
AMD,2025-01-21,122.27999877929688
AMD,2025-01-22,123.75
AMD,2025-01-23,123.04000091552734
AMD,2025-01-24,122.83999633789062
AMD,2025-01-27,115.01000213623047
AMD,2025-01-28,114.16999816894531
AMD,2025-01-29,117.3499984741211
AMD,2025-01-30,118.86000061035156
AMD,2025-01-31,115.94999694824219
AMD,2025-02-03,114.2699966430664
AMD,2025-02-04,119.5
AMD,2025-02-05,112.01000213623047
AMD,2025-02-06,110.16000366210938
AMD,2025-02-07,107.55999755859375
AMD,2025-02-10,110.4800033569336
AMD,2025-02-11,111.0999984741211
AMD,2025-02-12,111.72000122070312
AMD,2025-02-13,111.80999755859375
AMD,2025-02-14,113.0999984741211
AMD,2025-02-18,114.27999877929688
AMD,2025-02-19,114.69000244140625
AMD,2025-02-20,114.16999816894531
AMD,2025-02-21,110.83999633789062
AMD,2025-02-24,108.11000061035156
AMD,2025-02-25,103.95999908447266
AMD,2025-02-26,104.73999786376953
AMD,2025-02-27,99.51000213623047
AMD,2025-02-28,99.86000061035156
AMD,2025-03-03,98.2300033569336
AMD,2025-03-04,100.75
AMD,2025-03-05,101.66999816894531
AMD,2025-03-06,98.8499984741211
AMD,2025-03-07,100.30999755859375
AMD,2025-03-10,96.62999725341797
AMD,2025-03-11,96.76000213623047
AMD,2025-03-12,100.79000091552734
AMD,2025-03-13,98.11000061035156
AMD,2025-03-14,100.97000122070312
AMD,2025-03-17,104.58999633789062
AMD,2025-03-18,103.51000213623047
AMD,2025-03-19,106.2300033569336
AMD,2025-03-20,107.13999938964844
AMD,2025-03-21,106.44000244140625
AMD,2025-03-24,113.8499984741211
AMD,2025-03-25,114.80999755859375
AMD,2025-03-26,110.19000244140625
AMD,2025-03-27,106.6500015258789
AMD,2025-03-28,103.22000122070312
AMD,2025-03-31,102.73999786376953
AMD,2025-04-01,102.77999877929688
AMD,2025-04-02,102.95999908447266
AMD,2025-04-03,93.80000305175781
AMD,2025-04-04,85.76000213623047
AMD,2025-04-07,83.63999938964844
AMD,2025-04-08,78.20999908447266
AMD,2025-04-09,96.83999633789062
AMD,2025-04-10,88.69999694824219
AMD,2025-04-11,93.4000015258789
AMD,2025-04-14,94.5
AMD,2025-04-15,95.29000091552734
AMD,2025-04-16,88.29000091552734
AMD,2025-04-17,87.5
AMD,2025-04-21,85.55999755859375
AMD,2025-04-22,86.26000213623047
AMD,2025-04-23,90.38999938964844
AMD,2025-04-24,94.47000122070312
AMD,2025-04-25,96.6500015258789
AMD,2025-04-28,96.38999938964844
AMD,2025-04-29,96.05999755859375
AMD,2025-04-30,97.3499984741211
AMD,2025-05-01,96.6500015258789
AMD,2025-05-02,98.80000305175781
AMD,2025-05-05,100.58999633789062
AMD,2025-05-06,98.62000274658203
AMD,2025-05-07,100.36000061035156
AMD,2025-05-08,101.69999694824219
AMD,2025-05-09,102.83999633789062
AMD,2025-05-12,108.12000274658203
AMD,2025-05-13,112.45999908447266
AMD,2025-05-14,117.72000122070312
AMD,2025-05-15,114.98999786376953
AMD,2025-05-16,117.16999816894531
AMD,2025-05-19,114.73999786376953
AMD,2025-05-20,113.51000213623047
AMD,2025-05-21,112.05999755859375
AMD,2025-05-22,110.70999908447266
AMD,2025-05-23,110.30999755859375
AMD,2025-05-27,114.55999755859375
AMD,2025-05-28,112.86000061035156
AMD,2025-05-29,113.02999877929688
AMD,2025-05-30,110.7300033569336
AMD,2025-06-02,114.62999725341797
AMD,2025-06-03,117.30999755859375
AMD,2025-06-04,118.58000183105469
AMD,2025-06-05,115.69000244140625
AMD,2025-06-06,116.19000244140625
AMD,2025-06-09,121.7300033569336
AMD,2025-06-10,123.23999786376953
AMD,2025-06-11,121.13999938964844
AMD,2025-06-12,118.5
AMD,2025-06-13,116.16000366210938
AMD,2025-06-16,126.38999938964844
AMD,2025-06-17,127.0999984741211
AMD,2025-06-18,126.79000091552734
AMD,2025-06-20,128.24000549316406
AMD,2025-06-23,129.5800018310547
AMD,2025-06-24,138.42999267578125
AMD,2025-06-25,143.39999389648438
AMD,2025-06-26,143.67999267578125
AMD,2025-06-27,143.80999755859375
AMD,2025-06-30,141.89999389648438
AMD,2025-07-01,136.11000061035156
AMD,2025-07-02,138.52000427246094
AMD,2025-07-03,137.91000366210938
AMD,2025-07-07,134.8000030517578
AMD,2025-07-08,137.82000732421875
AMD,2025-07-09,138.41000366210938
AMD,2025-07-10,144.16000366210938
AMD,2025-07-11,146.4199981689453
AMD,2025-07-14,146.24000549316406
AMD,2025-07-15,155.61000061035156
AMD,2025-07-16,160.0800018310547
AMD,2025-07-17,160.41000366210938
AMD,2025-07-18,156.99000549316406
AMD,2025-07-21,157.0
AMD,2025-07-22,154.72000122070312
AMD,2025-07-23,158.64999389648438
AMD,2025-07-24,162.1199951171875
AMD,2025-07-25,166.47000122070312
AMD,2025-07-28,173.66000366210938
AMD,2025-07-29,177.44000244140625
AMD,2025-07-30,179.50999450683594
AMD,2025-07-31,176.30999755859375
AMD,2025-08-01,171.6999969482422
AMD,2025-08-04,176.77999877929688
AMD,2025-08-05,174.30999755859375
AMD,2025-08-06,163.1199951171875
AMD,2025-08-07,172.39999389648438
AMD,2025-08-08,172.75999450683594
AMD,2025-08-11,172.27999877929688
AMD,2025-08-12,174.9499969482422
AMD,2025-08-13,184.4199981689453
AMD,2025-08-14,180.9499969482422
AMD,2025-08-15,177.50999450683594
AMD,2025-08-18,176.13999938964844
AMD,2025-08-19,166.5500030517578
AMD,2025-08-20,165.1999969482422
AMD,2025-08-21,163.7100067138672
AMD,2025-08-22,167.75999450683594
AMD,2025-08-25,163.36000061035156
AMD,2025-08-26,166.6199951171875
AMD,2025-08-27,167.1300048828125
AMD,2025-08-28,168.5800018310547
AMD,2025-08-29,162.6300048828125
AMD,2025-09-02,162.32000732421875
AMD,2025-09-03,162.1300048828125
AMD,2025-09-04,161.7899932861328
AMD,2025-09-05,151.13999938964844
AMD,2025-09-08,151.41000366210938
AMD,2025-09-09,155.82000732421875
AMD,2025-09-10,159.5399932861328
AMD,2025-09-11,155.6699981689453
AMD,2025-09-12,158.57000732421875
AMD,2025-09-15,161.16000366210938
AMD,2025-09-16,160.4600067138672
AMD,2025-09-17,159.16000366210938
AMD,2025-09-18,157.9199981689453
AMD,2025-09-19,157.38999938964844
AMD,2025-09-22,159.7899932861328
AMD,2025-09-23,160.89999389648438
AMD,2025-09-24,160.8800048828125
AMD,2025-09-25,161.27000427246094
AMD,2025-09-26,159.4600067138672
AMD,2025-09-29,161.36000061035156
AMD,2025-09-30,161.7899932861328
AMD,2025-10-01,164.00999450683594
AMD,2025-10-02,169.72999572753906
AMD,2025-10-03,164.6699981689453
AMD,2025-10-06,203.7100067138672
AMD,2025-10-07,211.50999450683594
AMD,2025-10-08,235.55999755859375
AMD,2025-10-09,232.88999938964844
AMD,2025-10-10,214.89999389648438
AMD,2025-10-13,216.4199981689453
AMD,2025-10-14,218.08999633789062
AMD,2025-10-15,238.60000610351562
AMD,2025-10-16,234.55999755859375
AMD,2025-10-17,233.0800018310547
AMD,2025-10-20,240.55999755859375
AMD,2025-10-21,238.02999877929688
AMD,2025-10-22,230.22999572753906
AMD,2025-10-23,234.99000549316406
AMD,2025-10-24,252.9199981689453
AMD,2025-10-27,259.6700134277344
AMD,2025-10-28,258.010009765625
AMD,2025-10-29,264.3299865722656
AMD,2025-10-30,254.83999633789062
AMD,2025-10-31,256.1199951171875
AMD,2025-11-03,259.6499938964844
AMD,2025-11-04,250.0500030517578
AMD,2025-11-05,256.3299865722656
AMD,2025-11-06,237.6999969482422
AMD,2025-11-07,233.5399932861328
AMD,2025-11-10,243.97999572753906
AMD,2025-11-11,237.52000427246094
AMD,2025-11-12,258.8900146484375
AMD,2025-11-13,247.9600067138672
AMD,2025-11-14,246.80999755859375
AMD,2025-11-17,240.52000427246094
AMD,2025-11-18,230.2899932861328
AMD,2025-11-19,223.5500030517578
AMD,2025-11-20,206.02000427246094
AMD,2025-11-21,203.77999877929688
AMD,2025-11-24,215.0500030517578
AMD,2025-11-25,206.1300048828125
AMD,2025-11-26,214.24000549316406
AMD,2025-11-28,217.52999877929688
AMD,2025-12-01,219.75999450683594
AMD,2025-12-02,215.24000549316406
AMD,2025-12-03,217.60000610351562
AMD,2025-12-04,215.97999572753906
AMD,2025-12-05,217.97000122070312
AMD,2025-12-08,221.11000061035156
AMD,2025-12-09,221.6199951171875
AMD,2025-12-10,221.4199981689453
AMD,2025-12-11,221.42999267578125
AMD,2025-12-12,210.77999877929688
AMD,2025-12-15,207.5800018310547
AMD,2025-12-16,209.1699981689453
AMD,2025-12-17,198.11000061035156
AMD,2025-12-18,201.05999755859375
AMD,2025-12-19,213.42999267578125
AMD,2025-12-22,214.9499969482422
AMD,2025-12-23,214.89999389648438
AMD,2025-12-24,215.0399932861328
AMD,2025-12-26,214.99000549316406
AMD,2025-12-29,215.61000061035156
AMD,2025-12-30,215.33999633789062
AMD,2025-12-31,214.16000366210938
AMD,2026-01-02,223.47000122070312
AMD,2026-01-05,221.0800018310547
AMD,2026-01-06,214.35000610351562
AMD,2026-01-07,210.02000427246094
AMD,2026-01-08,204.67999267578125
AMD,2026-01-09,203.1699981689453
AMD,2026-01-12,207.69000244140625
AMD,2026-01-13,220.97000122070312
AMD,2026-01-14,223.60000610351562
AMD,2026-01-15,227.9199981689453
AMD,2026-01-16,231.8300018310547
NVDA,2021-01-04,13.076725006103516
NVDA,2021-01-05,13.367156982421875
NVDA,2021-01-06,12.579124450683594
NVDA,2021-01-07,13.30657958984375
NVDA,2021-01-08,13.239519119262695
NVDA,2021-01-11,13.58330249786377
NVDA,2021-01-12,13.44693374633789
NVDA,2021-01-13,13.493800163269043
NVDA,2021-01-14,13.16323184967041
NVDA,2021-01-15,12.823437690734863
NVDA,2021-01-19,12.988722801208496
NVDA,2021-01-20,13.328269958496094
NVDA,2021-01-21,13.828608512878418
NVDA,2021-01-22,13.674046516418457
NVDA,2021-01-25,13.61496353149414
NVDA,2021-01-26,13.397576332092285
NVDA,2021-01-27,12.881524085998535
NVDA,2021-01-28,13.014403343200684
NVDA,2021-01-29,12.953323364257812
NVDA,2021-02-01,13.19987964630127
NVDA,2021-02-02,13.518735885620117
NVDA,2021-02-03,13.492555618286133
NVDA,2021-02-04,13.625931739807129
NVDA,2021-02-05,13.552886009216309
NVDA,2021-02-08,14.398260116577148
NVDA,2021-02-09,14.223249435424805
NVDA,2021-02-10,14.722846031188965
NVDA,2021-02-11,15.207982063293457
NVDA,2021-02-12,14.919297218322754
NVDA,2021-02-16,15.287260055541992
NVDA,2021-02-17,14.864200592041016
NVDA,2021-02-18,14.787413597106934
NVDA,2021-02-19,14.884641647338867
NVDA,2021-02-22,14.315491676330566
NVDA,2021-02-23,14.102340698242188
NVDA,2021-02-24,14.458340644836426
NVDA,2021-02-25,13.270180702209473
NVDA,2021-02-26,13.676040649414062
NVDA,2021-03-01,13.802934646606445
NVDA,2021-03-02,13.368654251098633
NVDA,2021-03-03,12.768841743469238
NVDA,2021-03-04,12.335558891296387
NVDA,2021-03-05,12.426553726196289
NVDA,2021-03-08,11.560739517211914
NVDA,2021-03-09,12.489449501037598
NVDA,2021-03-10,12.437577247619629
NVDA,2021-03-11,12.961533546447754
NVDA,2021-03-12,12.824372291564941
NVDA,2021-03-15,13.158799171447754
NVDA,2021-03-16,13.258551597595215
NVDA,2021-03-17,13.308429718017578
NVDA,2021-03-18,12.691201210021973
NVDA,2021-03-19,12.814146995544434
NVDA,2021-03-22,13.153812408447266
NVDA,2021-03-23,13.038593292236328
NVDA,2021-03-24,12.611895561218262
NVDA,2021-03-25,12.504409790039062
NVDA,2021-03-26,12.807662963867188
NVDA,2021-03-29,12.91639518737793
NVDA,2021-03-30,12.840083122253418
NVDA,2021-03-31,13.315412521362305
NVDA,2021-04-01,13.777770042419434
NVDA,2021-04-05,13.953088760375977
NVDA,2021-04-06,13.827398300170898
NVDA,2021-04-07,14.108705520629883
NVDA,2021-04-08,14.281778335571289
NVDA,2021-04-09,14.36457347869873
NVDA,2021-04-12,15.171586990356445
NVDA,2021-04-13,15.6409273147583
NVDA,2021-04-14,15.239418029785156
NVDA,2021-04-15,16.097551345825195
NVDA,2021-04-16,15.873355865478516
NVDA,2021-04-19,15.323960304260254
NVDA,2021-04-20,15.133926391601562
NVDA,2021-04-21,15.322712898254395
NVDA,2021-04-22,14.81371784210205
NVDA,2021-04-23,15.227697372436523
NVDA,2021-04-26,15.439923286437988
NVDA,2021-04-27,15.343908309936523
NVDA,2021-04-28,15.239168167114258
NVDA,2021-04-29,15.287047386169434
NVDA,2021-04-30,14.972575187683105
NVDA,2021-05-03,14.800251007080078
NVDA,2021-05-04,14.315943717956543
NVDA,2021-05-05,14.422929763793945
NVDA,2021-05-06,14.487273216247559
NVDA,2021-05-07,14.775810241699219
NVDA,2021-05-10,14.230657577514648
NVDA,2021-05-11,14.271056175231934
NVDA,2021-05-12,13.724653244018555
NVDA,2021-05-13,13.631631851196289
NVDA,2021-05-14,14.207962036132812
NVDA,2021-05-17,14.130650520324707
NVDA,2021-05-18,13.981271743774414
NVDA,2021-05-19,14.031147956848145
NVDA,2021-05-20,14.576553344726562
NVDA,2021-05-21,14.954867362976074
NVDA,2021-05-24,15.57359504699707
NVDA,2021-05-25,15.609253883361816
NVDA,2021-05-26,15.661375045776367
NVDA,2021-05-27,15.449897766113281
NVDA,2021-05-28,16.204532623291016
NVDA,2021-06-01,16.224485397338867
NVDA,2021-06-02,16.73697280883789
NVDA,2021-06-03,16.92800521850586
NVDA,2021-06-04,17.53500747680664
NVDA,2021-06-07,17.575654983520508
NVDA,2021-06-08,17.4140567779541
NVDA,2021-06-09,17.319517135620117
NVDA,2021-06-10,17.386112213134766
NVDA,2021-06-11,17.785476684570312
NVDA,2021-06-14,17.978544235229492
NVDA,2021-06-15,17.748804092407227
NVDA,2021-06-16,17.7705020904541
NVDA,2021-06-17,18.61561393737793
NVDA,2021-06-18,18.597156524658203
NVDA,2021-06-21,18.386127471923828
NVDA,2021-06-22,18.844602584838867
NVDA,2021-06-23,19.014724731445312
NVDA,2021-06-24,19.16264533996582
NVDA,2021-06-25,18.9885311126709
NVDA,2021-06-28,19.94040298461914
NVDA,2021-06-29,19.9820613861084
NVDA,2021-06-30,19.957866668701172
NVDA,2021-07-01,20.16689682006836
NVDA,2021-07-02,20.44127655029297
NVDA,2021-07-06,20.652311325073242
NVDA,2021-07-07,20.326292037963867
NVDA,2021-07-08,19.858335494995117
NVDA,2021-07-09,20.005504608154297
NVDA,2021-07-12,20.466726303100586
NVDA,2021-07-13,20.204811096191406
NVDA,2021-07-14,19.797218322753906
NVDA,2021-07-15,18.923925399780273
NVDA,2021-07-16,18.12047576904297
NVDA,2021-07-19,18.73784637451172
NVDA,2021-07-20,18.57046890258789
NVDA,2021-07-21,19.36669158935547
NVDA,2021-07-22,19.550273895263672
NVDA,2021-07-23,19.51435661315918
NVDA,2021-07-26,19.25094985961914
NVDA,2021-07-27,19.16513442993164
NVDA,2021-07-28,19.45948028564453
NVDA,2021-07-29,19.61812400817871
NVDA,2021-07-30,19.455493927001953
NVDA,2021-08-02,19.705928802490234
NVDA,2021-08-03,19.770782470703125
NVDA,2021-08-04,20.228755950927734
NVDA,2021-08-05,20.5909481048584
NVDA,2021-08-06,20.3205509185791
NVDA,2021-08-09,20.249717712402344
NVDA,2021-08-10,19.891517639160156
NVDA,2021-08-11,19.65504264831543
NVDA,2021-08-12,19.860584259033203
NVDA,2021-08-13,20.142953872680664
NVDA,2021-08-16,19.90547752380371
NVDA,2021-08-17,19.414581298828125
NVDA,2021-08-18,18.997514724731445
NVDA,2021-08-19,19.753822326660156
NVDA,2021-08-20,20.76955223083496
NVDA,2021-08-23,21.90900421142578
NVDA,2021-08-24,21.744369506835938
NVDA,2021-08-25,22.163433074951172
NVDA,2021-08-26,22.018754959106445
NVDA,2021-08-27,22.585485458374023
NVDA,2021-08-30,22.637371063232422
NVDA,2021-08-31,22.338985443115234
NVDA,2021-09-01,22.39487075805664
NVDA,2021-09-02,22.34996223449707
NVDA,2021-09-03,22.796045303344727
NVDA,2021-09-07,22.615419387817383
NVDA,2021-09-08,22.293081283569336
NVDA,2021-09-09,22.131412506103516
NVDA,2021-09-10,22.43179702758789
NVDA,2021-09-13,22.106468200683594
NVDA,2021-09-14,22.196285247802734
NVDA,2021-09-15,22.295074462890625
NVDA,2021-09-16,22.196285247802734
NVDA,2021-09-17,21.854982376098633
NVDA,2021-09-20,21.069599151611328
NVDA,2021-09-21,21.20232582092285
NVDA,2021-09-22,21.895896911621094
NVDA,2021-09-23,22.4357852935791
NVDA,2021-09-24,22.03561019897461
NVDA,2021-09-27,21.615482330322266
NVDA,2021-09-28,20.656452178955078
NVDA,2021-09-29,20.47482681274414
NVDA,2021-09-30,20.673418045043945
NVDA,2021-10-01,20.69936752319336
NVDA,2021-10-04,19.69144058227539
NVDA,2021-10-05,20.40896224975586
NVDA,2021-10-06,20.657451629638672
NVDA,2021-10-07,21.03168296813965
NVDA,2021-10-08,20.788175582885742
NVDA,2021-10-11,20.65245819091797
NVDA,2021-10-12,20.628507614135742
NVDA,2021-10-13,20.89595603942871
NVDA,2021-10-14,21.701297760009766
NVDA,2021-10-15,21.81706428527832
NVDA,2021-10-18,22.17631721496582
NVDA,2021-10-19,22.24418067932129
NVDA,2021-10-20,22.057567596435547
NVDA,2021-10-21,22.645355224609375
NVDA,2021-10-22,22.679285049438477
NVDA,2021-10-25,23.118379592895508
NVDA,2021-10-26,24.66619110107422
NVDA,2021-10-27,24.400739669799805
NVDA,2021-10-28,24.889734268188477
NVDA,2021-10-29,25.51444435119629
NVDA,2021-11-01,25.773914337158203
NVDA,2021-11-02,26.34673500061035
NVDA,2021-11-03,26.5433292388916
NVDA,2021-11-04,29.739744186401367
NVDA,2021-11-05,29.69084358215332
NVDA,2021-11-08,30.74068260192871
NVDA,2021-11-09,30.593984603881836
NVDA,2021-11-10,29.398448944091797
NVDA,2021-11-11,30.327531814575195
NVDA,2021-11-12,30.327531814575195
NVDA,2021-11-15,29.963281631469727
NVDA,2021-11-16,30.14091682434082
NVDA,2021-11-17,29.200851440429688
NVDA,2021-11-18,31.609886169433594
NVDA,2021-11-19,32.91719436645508
NVDA,2021-11-22,31.89031410217285
NVDA,2021-11-23,31.680747985839844
NVDA,2021-11-24,32.60683822631836
NVDA,2021-11-26,31.43824005126953
NVDA,2021-11-29,33.30738830566406
NVDA,2021-11-30,32.60883712768555
NVDA,2021-12-01,31.374225616455078
NVDA,2021-12-02,32.06388473510742
NVDA,2021-12-03,30.63365936279297
NVDA,2021-12-06,29.978927612304688
NVDA,2021-12-07,32.36430358886719
NVDA,2021-12-08,31.76447105407715
NVDA,2021-12-09,30.431049346923828
NVDA,2021-12-10,30.139616012573242
NVDA,2021-12-13,28.106555938720703
NVDA,2021-12-14,28.282217025756836
NVDA,2021-12-15,30.400114059448242
NVDA,2021-12-16,28.33211326599121
NVDA,2021-12-17,27.747249603271484
NVDA,2021-12-20,27.6654109954834
NVDA,2021-12-21,29.018789291381836
NVDA,2021-12-22,29.343158721923828
NVDA,2021-12-23,29.582691192626953
NVDA,2021-12-27,30.885169982910156
NVDA,2021-12-28,30.26337432861328
NVDA,2021-12-29,29.9429988861084
NVDA,2021-12-30,29.528804779052734
NVDA,2021-12-31,29.35413932800293
NVDA,2022-01-03,30.062763214111328
NVDA,2022-01-04,29.23337173461914
NVDA,2022-01-05,27.55063247680664
NVDA,2022-01-06,28.123517990112305
NVDA,2022-01-07,27.19432258605957
NVDA,2022-01-10,27.34702491760254
NVDA,2022-01-11,27.763219833374023
NVDA,2022-01-12,27.944869995117188
NVDA,2022-01-13,26.523622512817383
NVDA,2022-01-14,26.889909744262695
NVDA,2022-01-18,25.85291862487793
NVDA,2022-01-19,25.018531799316406
NVDA,2022-01-20,24.10330581665039
NVDA,2022-01-21,23.328811645507812
NVDA,2022-01-24,23.32681655883789
NVDA,2022-01-25,22.280838012695312
NVDA,2022-01-26,22.72797393798828
NVDA,2022-01-27,21.90157127380371
NVDA,2022-01-28,22.79584312438965
NVDA,2022-01-31,24.438657760620117
NVDA,2022-02-01,24.590368270874023
NVDA,2022-02-02,25.193199157714844
NVDA,2022-02-03,23.901700973510742
NVDA,2022-02-04,24.271984100341797
NVDA,2022-02-07,24.680194854736328
NVDA,2022-02-08,25.05945587158203
NVDA,2022-02-09,26.65337371826172
NVDA,2022-02-10,25.774072647094727
NVDA,2022-02-11,23.90269660949707
NVDA,2022-02-14,24.22008514404297
NVDA,2022-02-15,26.443775177001953
NVDA,2022-02-16,26.459745407104492
NVDA,2022-02-17,24.459619522094727
NVDA,2022-02-18,23.59629249572754
NVDA,2022-02-22,23.344778060913086
NVDA,2022-02-23,22.343717575073242
NVDA,2022-02-24,23.702083587646484
NVDA,2022-02-25,24.11029624938965
NVDA,2022-02-28,24.337852478027344
NVDA,2022-03-01,23.431608200073242
NVDA,2022-03-02,24.177291870117188
NVDA,2022-03-03,23.672183990478516
NVDA,2022-03-04,22.895557403564453
NVDA,2022-03-07,21.314350128173828
NVDA,2022-03-08,21.476064682006836
NVDA,2022-03-09,22.973421096801758
NVDA,2022-03-10,22.618045806884766
NVDA,2022-03-11,22.061031341552734
NVDA,2022-03-14,21.29238510131836
NVDA,2022-03-15,22.9324893951416
NVDA,2022-03-16,24.452808380126953
NVDA,2022-03-17,24.72233009338379
NVDA,2022-03-18,26.406354904174805
NVDA,2022-03-21,26.68685531616211
NVDA,2022-03-22,26.477231979370117
NVDA,2022-03-23,25.58880043029785
NVDA,2022-03-24,28.100364685058594
NVDA,2022-03-25,27.643171310424805
NVDA,2022-03-28,28.169239044189453
NVDA,2022-03-29,28.605472564697266
NVDA,2022-03-30,27.641176223754883
NVDA,2022-03-31,27.237884521484375
NVDA,2022-04-01,26.66489601135254
NVDA,2022-04-04,27.31175422668457
NVDA,2022-04-05,25.885272979736328
NVDA,2022-04-06,24.363962173461914
NVDA,2022-04-07,24.16530990600586
NVDA,2022-04-08,23.078231811523438
NVDA,2022-04-11,21.87834930419922
NVDA,2022-04-12,21.466083526611328
NVDA,2022-04-13,22.163848876953125
NVDA,2022-04-14,21.220516204833984
NVDA,2022-04-18,21.74458885192871
NVDA,2022-04-19,22.158857345581055
NVDA,2022-04-20,21.444122314453125
NVDA,2022-04-21,20.147411346435547
NVDA,2022-04-22,19.480588912963867
NVDA,2022-04-25,19.866907119750977
NVDA,2022-04-26,18.754871368408203
NVDA,2022-04-27,18.38252830505371
NVDA,2022-04-28,19.747116088867188
NVDA,2022-04-29,18.51429557800293
NVDA,2022-05-02,19.49855613708496
NVDA,2022-05-03,19.56743621826172
NVDA,2022-05-04,20.298145294189453
NVDA,2022-05-05,18.810773849487305
NVDA,2022-05-06,18.64206886291504
NVDA,2022-05-09,16.92011260986328
NVDA,2022-05-10,17.563976287841797
NVDA,2022-05-11,16.600679397583008
NVDA,2022-05-12,16.146474838256836
NVDA,2022-05-13,17.67477798461914
NVDA,2022-05-16,17.233556747436523
NVDA,2022-05-17,18.144948959350586
NVDA,2022-05-18,16.90813446044922
NVDA,2022-05-19,17.09380531311035
NVDA,2022-05-20,16.664566040039062
NVDA,2022-05-23,16.868200302124023
NVDA,2022-05-24,16.12551498413086
NVDA,2022-05-25,16.945068359375
NVDA,2022-05-26,17.81952476501465
NVDA,2022-05-27,18.777833938598633
NVDA,2022-05-31,18.639076232910156
NVDA,2022-06-01,18.287696838378906
NVDA,2022-06-02,19.557451248168945
NVDA,2022-06-03,18.686988830566406
NVDA,2022-06-06,18.752872467041016
NVDA,2022-06-07,18.89262580871582
NVDA,2022-06-08,18.61905288696289
NVDA,2022-06-09,18.019987106323242
NVDA,2022-06-10,16.94765281677246
NVDA,2022-06-13,15.622711181640625
NVDA,2022-06-14,15.811419486999512
NVDA,2022-06-15,16.501340866088867
NVDA,2022-06-16,15.576783180236816
NVDA,2022-06-17,15.855351448059082
NVDA,2022-06-21,16.540287017822266
NVDA,2022-06-22,16.3346004486084
NVDA,2022-06-23,16.199813842773438
NVDA,2022-06-24,17.099416732788086
NVDA,2022-06-27,16.84281349182129
NVDA,2022-06-28,15.957192420959473
NVDA,2022-06-29,15.517874717712402
NVDA,2022-06-30,15.135470390319824
NVDA,2022-07-01,14.500456809997559
NVDA,2022-07-05,14.94077205657959
NVDA,2022-07-06,15.106514930725098
NVDA,2022-07-07,15.833382606506348
NVDA,2022-07-08,15.813416481018066
NVDA,2022-07-11,15.128480911254883
NVDA,2022-07-12,15.058587074279785
NVDA,2022-07-13,15.140459060668945
NVDA,2022-07-14,15.348136901855469
NVDA,2022-07-15,15.737532615661621
NVDA,2022-07-18,16.076005935668945
NVDA,2022-07-19,16.965627670288086
NVDA,2022-07-20,17.77935791015625
NVDA,2022-07-21,18.02198028564453
NVDA,2022-07-22,17.292118072509766
NVDA,2022-07-25,16.997575759887695
NVDA,2022-07-26,16.507335662841797
NVDA,2022-07-27,17.76239013671875
NVDA,2022-07-28,17.956083297729492
NVDA,2022-07-29,18.134809494018555
NVDA,2022-08-01,18.412370681762695
NVDA,2022-08-02,18.497241973876953
NVDA,2022-08-03,18.863670349121094
NVDA,2022-08-04,19.1851749420166
NVDA,2022-08-05,18.959524154663086
NVDA,2022-08-08,17.765382766723633
NVDA,2022-08-09,17.05947494506836
NVDA,2022-08-10,18.068906784057617
NVDA,2022-08-11,17.914146423339844
NVDA,2022-08-12,18.67995834350586
NVDA,2022-08-15,19.002452850341797
NVDA,2022-08-16,18.84969711303711
NVDA,2022-08-17,18.306537628173828
NVDA,2022-08-18,18.743860244750977
NVDA,2022-08-19,17.821300506591797
NVDA,2022-08-22,17.007556915283203
NVDA,2022-08-23,17.154329299926758
NVDA,2022-08-24,17.19526481628418
NVDA,2022-08-25,17.88519287109375
NVDA,2022-08-26,16.23476219177246
NVDA,2022-08-29,15.776473045349121
NVDA,2022-08-30,15.443988800048828
NVDA,2022-08-31,15.070569038391113
NVDA,2022-09-01,13.915367126464844
NVDA,2022-09-02,13.625815391540527
NVDA,2022-09-06,13.444098472595215
NVDA,2022-09-07,13.696778297424316
NVDA,2022-09-08,13.972433090209961
NVDA,2022-09-09,14.368934631347656
NVDA,2022-09-12,14.486786842346191
NVDA,2022-09-13,13.114511489868164
NVDA,2022-09-14,13.111517906188965
NVDA,2022-09-15,12.912766456604004
NVDA,2022-09-16,13.181428909301758
NVDA,2022-09-19,13.365199089050293
NVDA,2022-09-20,13.159457206726074
NVDA,2022-09-21,13.244351387023926
NVDA,2022-09-22,12.545228004455566
NVDA,2022-09-23,12.500285148620605
NVDA,2022-09-26,12.212645530700684
NVDA,2022-09-27,12.397414207458496
NVDA,2022-09-28,12.720008850097656
NVDA,2022-09-29,12.204656600952148
NVDA,2022-09-30,12.123759269714355
NVDA,2022-10-03,12.496289253234863
NVDA,2022-10-04,13.150467872619629
NVDA,2022-10-05,13.192415237426758
NVDA,2022-10-06,13.113512992858887
NVDA,2022-10-07,12.06083869934082
NVDA,2022-10-10,11.655349731445312
NVDA,2022-10-11,11.571453094482422
NVDA,2022-10-12,11.485559463500977
NVDA,2022-10-13,11.944985389709473
NVDA,2022-10-14,11.212903022766113
NVDA,2022-10-17,11.873072624206543
NVDA,2022-10-18,11.951972961425781
NVDA,2022-10-19,12.035866737365723
NVDA,2022-10-20,12.178690910339355
NVDA,2022-10-21,12.450347900390625
NVDA,2022-10-24,12.58318042755127
NVDA,2022-10-25,13.244351387023926
NVDA,2022-10-26,12.879806518554688
NVDA,2022-10-27,13.159457206726074
NVDA,2022-10-28,13.816627502441406
NVDA,2022-10-31,13.480053901672363
NVDA,2022-11-01,13.525995254516602
NVDA,2022-11-02,13.20240306854248
NVDA,2022-11-03,13.404147148132324
NVDA,2022-11-04,14.138225555419922
NVDA,2022-11-07,14.283042907714844
NVDA,2022-11-08,14.58366584777832
NVDA,2022-11-09,13.758702278137207
NVDA,2022-11-10,15.730225563049316
NVDA,2022-11-11,16.306501388549805
NVDA,2022-11-14,16.2745418548584
NVDA,2022-11-15,16.64507484436035
NVDA,2022-11-16,15.890021324157715
NVDA,2022-11-17,15.657316207885742
NVDA,2022-11-18,15.389655113220215
NVDA,2022-11-21,15.297767639160156
NVDA,2022-11-22,16.017860412597656
NVDA,2022-11-23,16.498258590698242
NVDA,2022-11-25,16.249570846557617
NVDA,2022-11-28,15.807125091552734
NVDA,2022-11-29,15.619362831115723
NVDA,2022-11-30,16.906076431274414
NVDA,2022-12-01,17.117862701416016
NVDA,2022-12-02,16.85912322998047
NVDA,2022-12-05,16.593387603759766
NVDA,2022-12-06,15.971013069152832
NVDA,2022-12-07,16.103878021240234
NVDA,2022-12-08,17.15182876586914
NVDA,2022-12-09,16.983993530273438
NVDA,2022-12-12,17.51746368408203
NVDA,2022-12-13,18.05392837524414
NVDA,2022-12-14,17.656326293945312
NVDA,2022-12-15,16.935047149658203
NVDA,2022-12-16,16.554428100585938
NVDA,2022-12-19,16.237743377685547
NVDA,2022-12-20,16.06891441345215
NVDA,2022-12-21,16.484493255615234
NVDA,2022-12-22,15.32365894317627
NVDA,2022-12-23,15.19079303741455
NVDA,2022-12-27,14.106876373291016
NVDA,2022-12-28,14.021963119506836
NVDA,2022-12-29,14.588396072387695
NVDA,2022-12-30,14.599386215209961
NVDA,2023-01-03,14.300683975219727
NVDA,2023-01-04,14.73425006866455
NVDA,2023-01-05,14.250734329223633
NVDA,2023-01-06,14.844139099121094
NVDA,2023-01-09,15.612370491027832
NVDA,2023-01-10,15.89309024810791
NVDA,2023-01-11,15.98499870300293
NVDA,2023-01-12,16.494487762451172
NVDA,2023-01-13,16.88210105895996
NVDA,2023-01-17,17.684295654296875
NVDA,2023-01-18,17.359622955322266
NVDA,2023-01-19,16.74823570251465
NVDA,2023-01-20,17.8211612701416
NVDA,2023-01-23,19.173803329467773
NVDA,2023-01-24,19.2457332611084
NVDA,2023-01-25,19.303672790527344
NVDA,2023-01-26,19.782194137573242
NVDA,2023-01-27,20.34463119506836
NVDA,2023-01-30,19.14283561706543
NVDA,2023-01-31,19.5174617767334
NVDA,2023-02-01,20.922056198120117
NVDA,2023-02-02,21.687288284301758
NVDA,2023-02-03,21.078901290893555
NVDA,2023-02-06,21.06791114807129
NVDA,2023-02-07,22.15082359313965
NVDA,2023-02-08,22.18279266357422
NVDA,2023-02-09,22.314661026000977
NVDA,2023-02-10,21.24373435974121
NVDA,2023-02-13,21.766210556030273
NVDA,2023-02-14,22.948030471801758
NVDA,2023-02-15,22.741235733032227
NVDA,2023-02-16,21.979995727539062
NVDA,2023-02-17,21.366607666015625
NVDA,2023-02-21,20.63434410095215
NVDA,2023-02-22,20.733245849609375
NVDA,2023-02-23,23.640335083007812
NVDA,2023-02-24,23.262710571289062
NVDA,2023-02-27,23.477500915527344
NVDA,2023-02-28,23.192781448364258
NVDA,2023-03-01,22.675302505493164
NVDA,2023-03-02,23.290679931640625
NVDA,2023-03-03,23.866104125976562
NVDA,2023-03-06,23.53044319152832
NVDA,2023-03-07,23.268661499023438
NVDA,2023-03-08,24.160921096801758
NVDA,2023-03-09,23.41653823852539
NVDA,2023-03-10,22.945934295654297
NVDA,2023-03-13,22.946929931640625
NVDA,2023-03-14,24.04301643371582
NVDA,2023-03-15,24.2078800201416
NVDA,2023-03-16,25.519790649414062
NVDA,2023-03-17,25.70363998413086
NVDA,2023-03-20,25.87849235534668
NVDA,2023-03-21,26.177242279052734
NVDA,2023-03-22,26.446022033691406
NVDA,2023-03-23,27.16842269897461
NVDA,2023-03-24,26.756763458251953
NVDA,2023-03-27,26.50896644592285
NVDA,2023-03-28,26.38806915283203
NVDA,2023-03-29,26.961593627929688
NVDA,2023-03-30,27.360258102416992
NVDA,2023-03-31,27.753934860229492
NVDA,2023-04-03,27.941776275634766
NVDA,2023-04-04,27.430200576782227
NVDA,2023-04-05,26.85867691040039
NVDA,2023-04-06,27.014549255371094
NVDA,2023-04-10,27.55609893798828
NVDA,2023-04-11,27.146440505981445
NVDA,2023-04-12,26.472999572753906
NVDA,2023-04-13,26.441022872924805
NVDA,2023-04-14,26.735776901245117
NVDA,2023-04-17,26.979576110839844
NVDA,2023-04-18,27.644025802612305
NVDA,2023-04-19,27.907804489135742
NVDA,2023-04-20,27.081491470336914
NVDA,2023-04-21,27.09648323059082
NVDA,2023-04-24,27.01954460144043
NVDA,2023-04-25,26.21921157836914
NVDA,2023-04-26,26.933618545532227
NVDA,2023-04-27,27.20339012145996
NVDA,2023-04-28,27.7259578704834
NVDA,2023-05-01,28.88599395751953
NVDA,2023-05-02,28.186573028564453
NVDA,2023-05-03,27.778913497924805
NVDA,2023-05-04,27.539113998413086
NVDA,2023-05-05,28.65618324279785
NVDA,2023-05-08,29.12679100036621
NVDA,2023-05-09,28.547273635864258
NVDA,2023-05-10,28.86101722717285
NVDA,2023-05-11,28.55426788330078
NVDA,2023-05-12,28.316469192504883
NVDA,2023-05-15,28.928958892822266
NVDA,2023-05-16,29.18874168395996
NVDA,2023-05-17,30.152938842773438
NVDA,2023-05-18,31.651695251464844
NVDA,2023-05-19,31.238037109375
NVDA,2023-05-22,31.15011215209961
NVDA,2023-05-23,30.662517547607422
NVDA,2023-05-24,30.512643814086914
NVDA,2023-05-25,37.94845962524414
NVDA,2023-05-26,38.91365432739258
NVDA,2023-05-30,40.07769775390625
NVDA,2023-05-31,37.80257797241211
NVDA,2023-06-01,39.736976623535156
NVDA,2023-06-02,39.29434585571289
NVDA,2023-06-05,39.13847351074219
NVDA,2023-06-06,38.62189865112305
NVDA,2023-06-07,37.447750091552734
NVDA,2023-06-08,38.48200225830078
NVDA,2023-06-09,38.741817474365234
NVDA,2023-06-12,39.45328903198242
NVDA,2023-06-13,40.9921760559082
NVDA,2023-06-14,42.96575164794922
NVDA,2023-06-15,42.62199401855469
NVDA,2023-06-16,42.66095733642578
NVDA,2023-06-20,43.77614974975586
NVDA,2023-06-21,43.013702392578125
NVDA,2023-06-22,42.993717193603516
NVDA,2023-06-23,42.178314208984375
NVDA,2023-06-26,40.60246658325195
NVDA,2023-06-27,41.84555435180664
NVDA,2023-06-28,41.08710861206055
NVDA,2023-06-29,40.79231643676758
NVDA,2023-06-30,42.271244049072266
NVDA,2023-07-03,42.38216018676758
NVDA,2023-07-05,42.28623580932617
NVDA,2023-07-06,42.07239532470703
NVDA,2023-07-07,42.47209930419922
NVDA,2023-07-10,42.14933395385742
NVDA,2023-07-11,42.37417221069336
NVDA,2023-07-12,43.87008285522461
NVDA,2023-07-13,45.943572998046875
NVDA,2023-07-14,45.435943603515625
NVDA,2023-07-17,46.42721939086914
NVDA,2023-07-18,47.45946502685547
NVDA,2023-07-19,47.04277038574219
NVDA,2023-07-20,45.48691177368164
NVDA,2023-07-21,44.27678680419922
NVDA,2023-07-24,44.57957077026367
NVDA,2023-07-25,45.64579391479492
NVDA,2023-07-26,45.4189567565918
NVDA,2023-07-27,45.866634368896484
NVDA,2023-07-28,46.71601104736328
NVDA,2023-07-31,46.695030212402344
NVDA,2023-08-01,46.47319030761719
NVDA,2023-08-02,44.23681640625
NVDA,2023-08-03,44.482635498046875
NVDA,2023-08-04,44.64751434326172
NVDA,2023-08-07,45.38397979736328
NVDA,2023-08-08,44.631534576416016
NVDA,2023-08-09,42.5230598449707
NVDA,2023-08-10,42.3571891784668
NVDA,2023-08-11,40.825294494628906
NVDA,2023-08-14,43.721187591552734
NVDA,2023-08-15,43.908050537109375
NVDA,2023-08-16,43.45439147949219
NVDA,2023-08-17,43.31248474121094
NVDA,2023-08-18,43.267513275146484
NVDA,2023-08-21,46.93285369873047
NVDA,2023-08-22,45.634796142578125
NVDA,2023-08-23,47.081748962402344
NVDA,2023-08-24,47.12870788574219
NVDA,2023-08-25,45.984554290771484
NVDA,2023-08-28,46.80094909667969
NVDA,2023-08-29,48.748538970947266
NVDA,2023-08-30,49.228187561035156
NVDA,2023-08-31,49.319122314453125
NVDA,2023-09-01,48.47373580932617
NVDA,2023-09-05,48.5127067565918
NVDA,2023-09-06,47.03065872192383
NVDA,2023-09-07,46.21118927001953
NVDA,2023-09-08,45.54261779785156
NVDA,2023-09-11,45.14888000488281
NVDA,2023-09-12,44.84107208251953
NVDA,2023-09-13,45.4556770324707
NVDA,2023-09-14,45.55161666870117
NVDA,2023-09-15,43.87169647216797
NVDA,2023-09-18,43.93765640258789
NVDA,2023-09-19,43.491939544677734
NVDA,2023-09-20,42.211769104003906
NVDA,2023-09-21,40.99055480957031
NVDA,2023-09-22,41.58317565917969
NVDA,2023-09-25,42.19478225708008
NVDA,2023-09-26,41.88398361206055
NVDA,2023-09-27,42.44062042236328
NVDA,2023-09-28,43.061222076416016
NVDA,2023-09-29,43.47095489501953
NVDA,2023-10-02,44.75312805175781
NVDA,2023-10-03,43.48894119262695
NVDA,2023-10-04,44.01260757446289
NVDA,2023-10-05,44.6591911315918
NVDA,2023-10-06,45.73250198364258
NVDA,2023-10-09,45.24382019042969
NVDA,2023-10-10,45.76846694946289
NVDA,2023-10-11,46.77582550048828
NVDA,2023-10-12,46.91473388671875
NVDA,2023-10-13,45.43169021606445
NVDA,2023-10-16,46.06529235839844
NVDA,2023-10-17,43.909671783447266
NVDA,2023-10-18,42.168800354003906
NVDA,2023-10-19,42.0738639831543
NVDA,2023-10-20,41.36031723022461
NVDA,2023-10-23,42.947296142578125
NVDA,2023-10-24,43.63484573364258
NVDA,2023-10-25,41.752071380615234
NVDA,2023-10-26,40.30000305175781
NVDA,2023-10-27,40.47389221191406
NVDA,2023-10-30,41.134464263916016
NVDA,2023-10-31,40.75371170043945
NVDA,2023-11-01,42.29772186279297
NVDA,2023-11-02,43.47794723510742
NVDA,2023-11-03,44.97598648071289
NVDA,2023-11-06,45.72150421142578
NVDA,2023-11-07,45.925376892089844
NVDA,2023-11-08,46.54397964477539
NVDA,2023-11-09,46.919734954833984
NVDA,2023-11-10,48.30384063720703
NVDA,2023-11-13,48.588653564453125
NVDA,2023-11-14,49.623985290527344
NVDA,2023-11-15,48.85647964477539
NVDA,2023-11-16,49.44810104370117
NVDA,2023-11-17,49.2662239074707
NVDA,2023-11-20,50.376502990722656
NVDA,2023-11-21,49.911800384521484
NVDA,2023-11-22,48.68458938598633
NVDA,2023-11-24,47.74519729614258
NVDA,2023-11-27,48.210899353027344
NVDA,2023-11-28,47.79016876220703
NVDA,2023-11-29,48.10896682739258
NVDA,2023-11-30,46.73984909057617
NVDA,2023-12-01,46.7348518371582
NVDA,2023-12-04,45.48066329956055
NVDA,2023-12-05,46.54007339477539
NVDA,2023-12-06,45.477664947509766
NVDA,2023-12-07,46.5700569152832
NVDA,2023-12-08,47.47954559326172
NVDA,2023-12-11,46.601036071777344
NVDA,2023-12-12,47.63046646118164
NVDA,2023-12-13,48.06122970581055
NVDA,2023-12-14,48.32307815551758
NVDA,2023-12-15,48.86277770996094
NVDA,2023-12-18,50.04912185668945
NVDA,2023-12-19,49.57637405395508
NVDA,2023-12-20,48.084205627441406
NVDA,2023-12-21,48.96272277832031
NVDA,2023-12-22,48.80281448364258
NVDA,2023-12-26,49.251556396484375
NVDA,2023-12-27,49.389488220214844
NVDA,2023-12-28,49.49442672729492
NVDA,2023-12-29,49.49442672729492
NVDA,2024-01-02,48.14117431640625
NVDA,2024-01-03,47.542510986328125
NVDA,2024-01-04,47.971275329589844
NVDA,2024-01-05,49.06966018676758
NVDA,2024-01-08,52.22390365600586
NVDA,2024-01-09,53.11041259765625
NVDA,2024-01-10,54.319740295410156
NVDA,2024-01-11,54.79146957397461
NVDA,2024-01-12,54.679534912109375
NVDA,2024-01-16,56.350608825683594
NVDA,2024-01-17,56.02178955078125
NVDA,2024-01-18,57.07520294189453
NVDA,2024-01-19,59.4578742980957
NVDA,2024-01-22,59.62078857421875
NVDA,2024-01-23,59.83966064453125
NVDA,2024-01-24,61.32783126831055
NVDA,2024-01-25,61.58269119262695
NVDA,2024-01-26,60.99701690673828
NVDA,2024-01-29,62.43021774291992
NVDA,2024-01-30,62.73904037475586
NVDA,2024-01-31,61.49274444580078
NVDA,2024-02-01,62.991905212402344
NVDA,2024-02-02,66.12315368652344
NVDA,2024-02-05,69.29339599609375
NVDA,2024-02-06,68.18501281738281
NVDA,2024-02-07,70.05996704101562
NVDA,2024-02-08,69.60221862792969
NVDA,2024-02-09,72.09284210205078
NVDA,2024-02-12,72.207763671875
NVDA,2024-02-13,72.08785247802734
NVDA,2024-02-14,73.85885620117188
NVDA,2024-02-15,72.61753845214844
NVDA,2024-02-16,72.57257080078125
NVDA,2024-02-20,69.41333770751953
NVDA,2024-02-21,67.43444061279297
NVDA,2024-02-22,78.49427032470703
NVDA,2024-02-23,78.77312469482422
NVDA,2024-02-26,79.04796600341797
NVDA,2024-02-27,78.65717315673828
NVDA,2024-02-28,77.61975860595703
NVDA,2024-02-29,79.06795501708984
NVDA,2024-03-01,82.2331771850586
NVDA,2024-03-04,85.18952941894531
NVDA,2024-03-05,85.920166015625
NVDA,2024-03-06,88.65476989746094
NVDA,2024-03-07,92.62174224853516
NVDA,2024-03-08,87.48336791992188
NVDA,2024-03-11,85.73026275634766
NVDA,2024-03-12,91.86614227294922
NVDA,2024-03-13,90.8416519165039
NVDA,2024-03-14,87.89916229248047
NVDA,2024-03-15,87.79220581054688
NVDA,2024-03-18,88.40989685058594
NVDA,2024-03-19,89.3524169921875
NVDA,2024-03-20,90.32592010498047
NVDA,2024-03-21,91.38837432861328
NVDA,2024-03-22,94.24091339111328
NVDA,2024-03-25,94.95355224609375
NVDA,2024-03-26,92.5137939453125
NVDA,2024-03-27,90.2039794921875
NVDA,2024-03-28,90.30992889404297
NVDA,2024-04-01,90.3169174194336
NVDA,2024-04-02,89.40638732910156
NVDA,2024-04-03,88.91864013671875
NVDA,2024-04-04,85.86117553710938
NVDA,2024-04-05,87.96312713623047
NVDA,2024-04-08,87.08856201171875
NVDA,2024-04-09,85.31045532226562
NVDA,2024-04-10,86.99461364746094
NVDA,2024-04-11,90.56979370117188
NVDA,2024-04-12,88.14103698730469
NVDA,2024-04-15,85.95713806152344
NVDA,2024-04-16,87.37041473388672
NVDA,2024-04-17,83.99214935302734
NVDA,2024-04-18,84.62781524658203
NVDA,2024-04-19,76.16114044189453
NVDA,2024-04-22,79.47744750976562
NVDA,2024-04-23,82.38096618652344
NVDA,2024-04-24,79.6363754272461
NVDA,2024-04-25,82.58987426757812
NVDA,2024-04-26,87.69026947021484
NVDA,2024-04-29,87.7122573852539
NVDA,2024-04-30,86.35794830322266
NVDA,2024-05-01,82.99864959716797
NVDA,2024-05-02,85.77323913574219
NVDA,2024-05-03,88.74372100830078
NVDA,2024-05-06,92.09300231933594
NVDA,2024-05-07,90.50782012939453
NVDA,2024-05-08,90.36590576171875
NVDA,2024-05-09,88.70174407958984
NVDA,2024-05-10,89.83216857910156
NVDA,2024-05-13,90.3529052734375
NVDA,2024-05-14,91.3094253540039
NVDA,2024-05-15,94.58174896240234
NVDA,2024-05-16,94.31088256835938
NVDA,2024-05-17,92.43183135986328
NVDA,2024-05-20,94.7316665649414
NVDA,2024-05-21,95.33735656738281
NVDA,2024-05-22,94.90158081054688
NVDA,2024-05-23,103.74607849121094
NVDA,2024-05-24,106.41471099853516
NVDA,2024-05-28,113.8429183959961
NVDA,2024-05-29,114.76644897460938
NVDA,2024-05-30,110.44364929199219
NVDA,2024-05-31,109.57708740234375
NVDA,2024-06-03,114.94135284423828
NVDA,2024-06-04,116.37762451171875
NVDA,2024-06-05,122.3775634765625
NVDA,2024-06-06,120.9363021850586
NVDA,2024-06-07,120.82635498046875
NVDA,2024-06-10,121.72789764404297
NVDA,2024-06-11,120.8582763671875
NVDA,2024-06-12,125.14644622802734
NVDA,2024-06-13,129.55455017089844
NVDA,2024-06-14,131.82359313964844
NVDA,2024-06-17,130.92396545410156
NVDA,2024-06-18,135.52200317382812
NVDA,2024-06-20,130.72406005859375
NVDA,2024-06-21,126.5158462524414
NVDA,2024-06-24,118.05946350097656
NVDA,2024-06-25,126.03604888916016
NVDA,2024-06-26,126.3459243774414
NVDA,2024-06-27,123.93695068359375
NVDA,2024-06-28,123.48715209960938
NVDA,2024-07-01,124.24683380126953
NVDA,2024-07-02,122.61751556396484
NVDA,2024-07-03,128.22511291503906
NVDA,2024-07-05,125.77616882324219
NVDA,2024-07-08,128.14512634277344
NVDA,2024-07-09,131.3238067626953
NVDA,2024-07-10,134.852294921875
NVDA,2024-07-11,127.34550476074219
NVDA,2024-07-12,129.1847381591797
NVDA,2024-07-15,128.38507080078125
NVDA,2024-07-16,126.30593872070312
NVDA,2024-07-17,117.93951416015625
NVDA,2024-07-18,121.03819274902344
NVDA,2024-07-19,117.87954711914062
NVDA,2024-07-22,123.48715209960938
NVDA,2024-07-23,122.53754425048828
NVDA,2024-07-24,114.20111846923828
NVDA,2024-07-25,112.23194885253906
NVDA,2024-07-26,113.01162719726562
NVDA,2024-07-29,111.54225158691406
NVDA,2024-07-30,103.68562316894531
NVDA,2024-07-31,116.96991729736328
NVDA,2024-08-01,109.16327667236328
NVDA,2024-08-02,107.22410583496094
NVDA,2024-08-05,100.40702056884766
NVDA,2024-08-06,104.20539855957031
NVDA,2024-08-07,98.86769104003906
NVDA,2024-08-08,104.92508697509766
NVDA,2024-08-09,104.70518493652344
NVDA,2024-08-12,108.9733657836914
NVDA,2024-08-13,116.0903091430664
NVDA,2024-08-14,118.02948760986328
NVDA,2024-08-15,122.80744171142578
NVDA,2024-08-16,124.52670288085938
NVDA,2024-08-19,129.94436645507812
NVDA,2024-08-20,127.19556427001953
NVDA,2024-08-21,128.44500732421875
NVDA,2024-08-22,123.68705749511719
NVDA,2024-08-23,129.31463623046875
NVDA,2024-08-26,126.40589904785156
NVDA,2024-08-27,128.2451171875
NVDA,2024-08-28,125.55626678466797
NVDA,2024-08-29,117.53968048095703
NVDA,2024-08-30,119.31893157958984
NVDA,2024-09-03,107.95378875732422
NVDA,2024-09-04,106.16455078125
NVDA,2024-09-05,107.16413116455078
NVDA,2024-09-06,102.78600311279297
NVDA,2024-09-09,106.42445373535156
NVDA,2024-09-10,108.05374908447266
NVDA,2024-09-11,116.8599853515625
NVDA,2024-09-12,119.0992202758789
NVDA,2024-09-13,119.0592269897461
NVDA,2024-09-16,116.74002075195312
NVDA,2024-09-17,115.55043029785156
NVDA,2024-09-18,113.33118438720703
NVDA,2024-09-19,117.82965087890625
NVDA,2024-09-20,115.96029663085938
NVDA,2024-09-23,116.22020721435547
NVDA,2024-09-24,120.82862854003906
NVDA,2024-09-25,123.46772003173828
NVDA,2024-09-26,123.9975357055664
NVDA,2024-09-27,121.35844421386719
NVDA,2024-09-30,121.39842987060547
NVDA,2024-10-01,116.95995330810547
NVDA,2024-10-02,118.80931091308594
NVDA,2024-10-03,122.80794525146484
NVDA,2024-10-04,124.87723541259766
NVDA,2024-10-07,127.67627716064453
NVDA,2024-10-08,132.84449768066406
NVDA,2024-10-09,132.6045684814453
NVDA,2024-10-10,134.7638397216797
NVDA,2024-10-11,134.7538604736328
NVDA,2024-10-14,138.0227508544922
NVDA,2024-10-15,131.55496215820312
NVDA,2024-10-16,135.6735382080078
NVDA,2024-10-17,136.8831329345703
NVDA,2024-10-18,137.9527587890625
NVDA,2024-10-21,143.6608123779297
NVDA,2024-10-22,143.54086303710938
NVDA,2024-10-23,139.51222229003906
NVDA,2024-10-24,140.3619384765625
NVDA,2024-10-25,141.49154663085938
NVDA,2024-10-28,140.47190856933594
NVDA,2024-10-29,141.20164489746094
NVDA,2024-10-30,139.29229736328125
NVDA,2024-10-31,132.71456909179688
NVDA,2024-11-01,135.35365295410156
NVDA,2024-11-04,136.00343322753906
NVDA,2024-11-05,139.8621063232422
NVDA,2024-11-06,145.56015014648438
NVDA,2024-11-07,148.8290557861328
NVDA,2024-11-08,147.5794677734375
NVDA,2024-11-11,145.2102508544922
NVDA,2024-11-12,148.2392120361328
NVDA,2024-11-13,146.2199249267578
NVDA,2024-11-14,146.70974731445312
NVDA,2024-11-15,141.93138122558594
NVDA,2024-11-18,140.1020050048828
NVDA,2024-11-19,146.9596710205078
NVDA,2024-11-20,145.84005737304688
NVDA,2024-11-21,146.6197967529297
NVDA,2024-11-22,141.90139770507812
NVDA,2024-11-25,135.9734344482422
NVDA,2024-11-26,136.87313842773438
NVDA,2024-11-27,135.2936553955078
NVDA,2024-11-29,138.2026824951172
NVDA,2024-12-02,138.58253479003906
NVDA,2024-12-03,140.2119903564453
NVDA,2024-12-04,145.09033203125
NVDA,2024-12-05,145.0203399658203
NVDA,2024-12-06,142.4010467529297
NVDA,2024-12-09,138.77203369140625
NVDA,2024-12-10,135.03306579589844
NVDA,2024-12-11,139.2718963623047
NVDA,2024-12-12,137.3024444580078
NVDA,2024-12-13,134.21328735351562
NVDA,2024-12-16,131.96389770507812
NVDA,2024-12-17,130.35433959960938
NVDA,2024-12-18,128.874755859375
NVDA,2024-12-19,130.6442413330078
NVDA,2024-12-20,134.6631622314453
NVDA,2024-12-23,139.63180541992188
NVDA,2024-12-24,140.18167114257812
NVDA,2024-12-26,139.89173889160156
NVDA,2024-12-27,136.9725341796875
NVDA,2024-12-30,137.452392578125
NVDA,2024-12-31,134.25328063964844
NVDA,2025-01-02,138.2721710205078
NVDA,2025-01-03,144.4304962158203
NVDA,2025-01-06,149.38912963867188
NVDA,2025-01-07,140.10166931152344
NVDA,2025-01-08,140.07168579101562
NVDA,2025-01-10,135.8728485107422
NVDA,2025-01-13,133.19357299804688
NVDA,2025-01-14,131.7239532470703
NVDA,2025-01-15,136.2027587890625
NVDA,2025-01-16,133.53347778320312
NVDA,2025-01-17,137.67234802246094
NVDA,2025-01-21,140.79148864746094
NVDA,2025-01-22,147.02981567382812
NVDA,2025-01-23,147.17974853515625
NVDA,2025-01-24,142.58099365234375
NVDA,2025-01-27,118.38761138916016
NVDA,2025-01-28,128.95472717285156
NVDA,2025-01-29,123.66617584228516
NVDA,2025-01-30,124.61592102050781
NVDA,2025-01-31,120.03717041015625
NVDA,2025-02-03,116.62810516357422
NVDA,2025-02-04,118.6175537109375
NVDA,2025-02-05,124.79586791992188
NVDA,2025-02-06,128.64480590820312
NVDA,2025-02-07,129.80447387695312
NVDA,2025-02-10,133.53347778320312
NVDA,2025-02-11,132.76370239257812
NVDA,2025-02-12,131.10414123535156
NVDA,2025-02-13,135.2530059814453
NVDA,2025-02-14,138.81204223632812
NVDA,2025-02-18,139.3618927001953
NVDA,2025-02-19,139.19192504882812
NVDA,2025-02-20,140.07168579101562
NVDA,2025-02-21,134.3932342529297
NVDA,2025-02-24,130.244384765625
NVDA,2025-02-25,126.59537506103516
NVDA,2025-02-26,131.24411010742188
NVDA,2025-02-27,120.11714935302734
NVDA,2025-02-28,124.8858413696289
NVDA,2025-03-03,114.02880859375
NVDA,2025-03-04,115.95828247070312
NVDA,2025-03-05,117.2679214477539
NVDA,2025-03-06,110.53976440429688
NVDA,2025-03-07,112.65918731689453
NVDA,2025-03-10,106.95074462890625
NVDA,2025-03-11,108.73026275634766
NVDA,2025-03-12,115.71900177001953
NVDA,2025-03-13,115.55902862548828
NVDA,2025-03-14,121.64791870117188
NVDA,2025-03-17,119.50830841064453
NVDA,2025-03-18,115.40904998779297
NVDA,2025-03-19,117.49867248535156
NVDA,2025-03-20,118.50848388671875
NVDA,2025-03-21,117.67863464355469
NVDA,2025-03-24,121.38796997070312
NVDA,2025-03-25,120.66809844970703
NVDA,2025-03-26,113.7393569946289
NVDA,2025-03-27,111.40978240966797
NVDA,2025-03-28,109.65010070800781
NVDA,2025-03-31,108.3603286743164
NVDA,2025-04-01,110.1300048828125
NVDA,2025-04-02,110.39995574951172
NVDA,2025-04-03,101.78152465820312
NVDA,2025-04-04,94.29288482666016
NVDA,2025-04-07,97.62227630615234
NVDA,2025-04-08,96.28252410888672
NVDA,2025-04-09,114.30924987792969
NVDA,2025-04-10,107.55047607421875
NVDA,2025-04-11,110.90986633300781
NVDA,2025-04-14,110.68990325927734
NVDA,2025-04-15,112.17963409423828
NVDA,2025-04-16,104.47103881835938
NVDA,2025-04-17,101.4715805053711
NVDA,2025-04-21,96.89241790771484
NVDA,2025-04-22,98.87205505371094
NVDA,2025-04-23,102.69136047363281
NVDA,2025-04-24,106.41067504882812
NVDA,2025-04-25,110.98986053466797
NVDA,2025-04-28,108.71026611328125
NVDA,2025-04-29,109.00021362304688
NVDA,2025-04-30,108.90023040771484
NVDA,2025-05-01,111.5897445678711
NVDA,2025-05-02,114.4792251586914
NVDA,2025-05-05,113.79934692382812
NVDA,2025-05-06,113.51940155029297
NVDA,2025-05-07,117.03875732421875
NVDA,2025-05-08,117.34870910644531
NVDA,2025-05-09,116.62882995605469
NVDA,2025-05-12,122.9776840209961
NVDA,2025-05-13,129.9064178466797
NVDA,2025-05-14,135.3154296875
NVDA,2025-05-15,134.80552673339844
NVDA,2025-05-16,135.37542724609375
NVDA,2025-05-19,135.54539489746094
NVDA,2025-05-20,134.35560607910156
NVDA,2025-05-21,131.7760772705078
NVDA,2025-05-22,132.80589294433594
NVDA,2025-05-23,131.26617431640625
NVDA,2025-05-27,135.47540283203125
NVDA,2025-05-28,134.78553771972656
NVDA,2025-05-29,139.1647491455078
NVDA,2025-05-30,135.10548400878906
NVDA,2025-06-02,137.35507202148438
NVDA,2025-06-03,141.19436645507812
NVDA,2025-06-04,141.8942413330078
NVDA,2025-06-05,139.964599609375
NVDA,2025-06-06,141.69427490234375
NVDA,2025-06-09,142.6041259765625
NVDA,2025-06-10,143.9338836669922
NVDA,2025-06-11,142.81399536132812
NVDA,2025-06-12,144.98374938964844
NVDA,2025-06-13,141.95408630371094
NVDA,2025-06-16,144.6737823486328
NVDA,2025-06-17,144.1038360595703
NVDA,2025-06-18,145.46368408203125
NVDA,2025-06-20,143.83387756347656
NVDA,2025-06-23,144.15383911132812
NVDA,2025-06-24,147.88340759277344
NVDA,2025-06-25,154.29270935058594
NVDA,2025-06-26,155.00262451171875
NVDA,2025-06-27,157.73231506347656
NVDA,2025-06-30,157.97230529785156
NVDA,2025-07-01,153.2828369140625
NVDA,2025-07-02,157.2323760986328
NVDA,2025-07-03,159.3221435546875
NVDA,2025-07-07,158.22227478027344
NVDA,2025-07-08,159.98207092285156
NVDA,2025-07-09,162.86175537109375
NVDA,2025-07-10,164.0816192626953
NVDA,2025-07-11,164.90151977539062
NVDA,2025-07-14,164.05162048339844
NVDA,2025-07-15,170.6808624267578
NVDA,2025-07-16,171.35079956054688
NVDA,2025-07-17,172.98062133789062
NVDA,2025-07-18,172.39068603515625
NVDA,2025-07-21,171.36080932617188
NVDA,2025-07-22,167.01129150390625
NVDA,2025-07-23,170.7608642578125
NVDA,2025-07-24,173.7205352783203
NVDA,2025-07-25,173.48056030273438
NVDA,2025-07-28,176.73019409179688
NVDA,2025-07-29,175.49032592773438
NVDA,2025-07-30,179.2499237060547
NVDA,2025-07-31,177.85006713867188
NVDA,2025-08-01,173.70053100585938
NVDA,2025-08-04,179.97982788085938
NVDA,2025-08-05,178.24002075195312
NVDA,2025-08-06,179.39988708496094
NVDA,2025-08-07,180.749755859375
NVDA,2025-08-08,182.6795196533203
NVDA,2025-08-11,182.0395965576172
NVDA,2025-08-12,183.1394805908203
NVDA,2025-08-13,181.5696563720703
NVDA,2025-08-14,181.99960327148438
NVDA,2025-08-15,180.42977905273438
NVDA,2025-08-18,181.98959350585938
NVDA,2025-08-19,175.6203155517578
NVDA,2025-08-20,175.38034057617188
NVDA,2025-08-21,174.96038818359375
NVDA,2025-08-22,177.97006225585938
NVDA,2025-08-25,179.78985595703125
NVDA,2025-08-26,181.7496337890625
NVDA,2025-08-27,181.57965087890625
NVDA,2025-08-28,180.14981079101562
NVDA,2025-08-29,174.1604766845703
NVDA,2025-09-02,170.7608642578125
NVDA,2025-09-03,170.60089111328125
NVDA,2025-09-04,171.64077758789062
NVDA,2025-09-05,167.0012969970703
NVDA,2025-09-08,168.2911376953125
NVDA,2025-09-09,170.74085998535156
NVDA,2025-09-10,177.3101348876953
NVDA,2025-09-11,177.16014099121094
NVDA,2025-09-12,177.8101043701172
NVDA,2025-09-15,177.74009704589844
NVDA,2025-09-16,174.87026977539062
NVDA,2025-09-17,170.280517578125
NVDA,2025-09-18,176.23019409179688
NVDA,2025-09-19,176.66015625
NVDA,2025-09-22,183.5997772216797
NVDA,2025-09-23,178.42005920410156
NVDA,2025-09-24,176.96014404296875
NVDA,2025-09-25,177.68011474609375
NVDA,2025-09-26,178.18008422851562
NVDA,2025-09-29,181.8398895263672
NVDA,2025-09-30,186.56961059570312
NVDA,2025-10-01,187.22958374023438
NVDA,2025-10-02,188.87948608398438
NVDA,2025-10-03,187.6095428466797
NVDA,2025-10-06,185.5296630859375
NVDA,2025-10-07,185.02969360351562
NVDA,2025-10-08,189.09947204589844
NVDA,2025-10-09,192.5592803955078
NVDA,2025-10-10,183.14981079101562
NVDA,2025-10-13,188.3095245361328
NVDA,2025-10-14,180.0199737548828
NVDA,2025-10-15,179.8199920654297
NVDA,2025-10-16,181.7998809814453
NVDA,2025-10-17,183.20980834960938
NVDA,2025-10-20,182.6298370361328
NVDA,2025-10-21,181.14991760253906
NVDA,2025-10-22,180.26995849609375
NVDA,2025-10-23,182.1498565673828
NVDA,2025-10-24,186.24961853027344
NVDA,2025-10-27,191.47933959960938
NVDA,2025-10-28,201.01881408691406
NVDA,2025-10-29,207.02847290039062
NVDA,2025-10-30,202.8787078857422
NVDA,2025-10-31,202.47872924804688
NVDA,2025-11-03,206.8684844970703
NVDA,2025-11-04,198.67893981933594
NVDA,2025-11-05,195.1991424560547
NVDA,2025-11-06,188.0695343017578
NVDA,2025-11-07,188.1395263671875
NVDA,2025-11-10,199.03892517089844
NVDA,2025-11-11,193.1492462158203
NVDA,2025-11-12,193.78921508789062
NVDA,2025-11-13,186.84959411621094
NVDA,2025-11-14,190.15940856933594
NVDA,2025-11-17,186.58961486816406
NVDA,2025-11-18,181.3498992919922
NVDA,2025-11-19,186.50961303710938
NVDA,2025-11-20,180.62994384765625
NVDA,2025-11-21,178.8700408935547
NVDA,2025-11-24,182.5398406982422
NVDA,2025-11-25,177.8101043701172
NVDA,2025-11-26,180.2499542236328
NVDA,2025-11-28,176.99014282226562
NVDA,2025-12-01,179.9099884033203
NVDA,2025-12-02,181.4499053955078
NVDA,2025-12-03,179.5800018310547
NVDA,2025-12-04,183.3800048828125
NVDA,2025-12-05,182.41000366210938
NVDA,2025-12-08,185.5500030517578
NVDA,2025-12-09,184.97000122070312
NVDA,2025-12-10,183.77999877929688
NVDA,2025-12-11,180.92999267578125
NVDA,2025-12-12,175.02000427246094
NVDA,2025-12-15,176.2899932861328
NVDA,2025-12-16,177.72000122070312
NVDA,2025-12-17,170.94000244140625
NVDA,2025-12-18,174.13999938964844
NVDA,2025-12-19,180.99000549316406
NVDA,2025-12-22,183.69000244140625
NVDA,2025-12-23,189.2100067138672
NVDA,2025-12-24,188.61000061035156
NVDA,2025-12-26,190.52999877929688
NVDA,2025-12-29,188.22000122070312
NVDA,2025-12-30,187.5399932861328
NVDA,2025-12-31,186.5
NVDA,2026-01-02,188.85000610351562
NVDA,2026-01-05,188.1199951171875
NVDA,2026-01-06,187.24000549316406
NVDA,2026-01-07,189.11000061035156
NVDA,2026-01-08,185.0399932861328
NVDA,2026-01-09,184.86000061035156
NVDA,2026-01-12,184.94000244140625
NVDA,2026-01-13,185.80999755859375
NVDA,2026-01-14,183.13999938964844
NVDA,2026-01-15,187.0500030517578
NVDA,2026-01-16,186.22999572753906
