timestamp,item_id,target
2025-01-31,2차전지/에너지,75969957505
2025-02-03,2차전지/에너지,115829348680
2025-02-04,2차전지/에너지,117500281505
2025-02-05,2차전지/에너지,70216932234
2025-02-06,2차전지/에너지,82256952657
2025-02-07,2차전지/에너지,72398491088
2025-02-10,2차전지/에너지,51934307740
2025-02-11,2차전지/에너지,62501515420
2025-02-12,2차전지/에너지,199048189147
2025-02-13,2차전지/에너지,62412356664
2025-02-14,2차전지/에너지,64093305496
2025-02-17,2차전지/에너지,178996062564
2025-02-18,2차전지/에너지,97755384480
2025-02-19,2차전지/에너지,220926095450
2025-02-20,2차전지/에너지,72000308430
2025-02-21,2차전지/에너지,105510035784
2025-02-24,2차전지/에너지,70968117930
2025-02-25,2차전지/에너지,65691396360
2025-02-26,2차전지/에너지,48714575248
2025-02-27,2차전지/에너지,52853550536
2025-02-28,2차전지/에너지,49779714722
2025-03-04,2차전지/에너지,45696000366
2025-03-05,2차전지/에너지,71807541482
2025-03-06,2차전지/에너지,57648321070
2025-03-07,2차전지/에너지,41117806842
2025-03-10,2차전지/에너지,38137748096
2025-03-11,2차전지/에너지,39283682956
2025-03-12,2차전지/에너지,37851063147
2025-03-13,2차전지/에너지,49963167951
2025-03-14,2차전지/에너지,212935265278
2025-03-17,2차전지/에너지,50077849125
2025-03-18,2차전지/에너지,106081247574
2025-03-19,2차전지/에너지,105246000460
2025-03-20,2차전지/에너지,57290719078
2025-03-21,2차전지/에너지,43962623116
2025-03-24,2차전지/에너지,21669335622
2025-03-25,2차전지/에너지,35141407177
2025-03-26,2차전지/에너지,43404519313
2025-03-27,2차전지/에너지,24677027968
2025-03-28,2차전지/에너지,22600519790
2025-03-31,2차전지/에너지,23775576944
2025-04-01,2차전지/에너지,19067082852
2025-04-02,2차전지/에너지,22878750338
2025-04-03,2차전지/에너지,16819353906
2025-04-04,2차전지/에너지,22947950108
2025-04-07,2차전지/에너지,21793821750
2025-04-08,2차전지/에너지,15070037774
2025-04-09,2차전지/에너지,15691133850
2025-04-10,2차전지/에너지,21487952218
2025-04-11,2차전지/에너지,39619851906
2025-04-14,2차전지/에너지,38356660982
2025-04-15,2차전지/에너지,29664247848
2025-04-16,2차전지/에너지,25082162522
2025-04-17,2차전지/에너지,18637549250
2025-04-18,2차전지/에너지,24766522062
2025-04-21,2차전지/에너지,16259210221
2025-04-22,2차전지/에너지,70488004756
2025-04-23,2차전지/에너지,50562789862
2025-04-24,2차전지/에너지,19628162958
2025-04-25,2차전지/에너지,27235193118
2025-04-28,2차전지/에너지,30821761110
2025-04-29,2차전지/에너지,28638880362
2025-04-30,2차전지/에너지,20289646981
2025-05-02,2차전지/에너지,16291364084
2025-05-07,2차전지/에너지,24618747670
2025-05-08,2차전지/에너지,21547480652
2025-05-09,2차전지/에너지,16424000849
2025-05-12,2차전지/에너지,30431289292
2025-05-13,2차전지/에너지,25528135684
2025-05-14,2차전지/에너지,72508124730
2025-05-15,2차전지/에너지,61240435119
2025-05-16,2차전지/에너지,72390923490
2025-05-19,2차전지/에너지,48027013334
2025-05-20,2차전지/에너지,49214821075
2025-05-21,2차전지/에너지,34720009415
2025-05-22,2차전지/에너지,41360090060
2025-05-23,2차전지/에너지,63890930515
2025-05-26,2차전지/에너지,35698518178
2025-05-27,2차전지/에너지,27366619526
2025-05-28,2차전지/에너지,53414785820
2025-05-29,2차전지/에너지,32829259158
2025-05-30,2차전지/에너지,35441096570
2025-06-02,2차전지/에너지,31039841675
2025-06-04,2차전지/에너지,47744549608
2025-06-05,2차전지/에너지,88863775998
2025-06-09,2차전지/에너지,113787615785
2025-06-10,2차전지/에너지,42523262324
2025-06-11,2차전지/에너지,95561050257
2025-06-12,2차전지/에너지,43370576230
2025-06-13,2차전지/에너지,149339071236
2025-06-16,2차전지/에너지,82987020522
2025-06-17,2차전지/에너지,67655359228
2025-06-18,2차전지/에너지,56819926451
2025-06-19,2차전지/에너지,54241348812
2025-06-20,2차전지/에너지,48211846490
2025-06-23,2차전지/에너지,68726766630
2025-06-24,2차전지/에너지,43941361110
2025-06-25,2차전지/에너지,46934068680
2025-06-26,2차전지/에너지,36648653753
2025-06-27,2차전지/에너지,23931623095
2025-06-30,2차전지/에너지,28984141515
2025-07-01,2차전지/에너지,32057918098
2025-07-02,2차전지/에너지,40060787400
2025-07-03,2차전지/에너지,57366120606
2025-07-04,2차전지/에너지,148537283628
2025-07-07,2차전지/에너지,106092281834
2025-07-08,2차전지/에너지,38221785192
2025-07-09,2차전지/에너지,21486302458
2025-07-10,2차전지/에너지,31602071064
2025-07-11,2차전지/에너지,39178380777
2025-07-14,2차전지/에너지,141449414928
2025-07-15,2차전지/에너지,90335741466
2025-07-16,2차전지/에너지,87425577510
2025-07-17,2차전지/에너지,43780015690
2025-07-18,2차전지/에너지,151224133112
2025-07-21,2차전지/에너지,59706610594
2025-07-22,2차전지/에너지,57578774493
2025-07-23,2차전지/에너지,35390933647
2025-07-24,2차전지/에너지,223503792406
2025-07-25,2차전지/에너지,114496068313
2025-07-28,2차전지/에너지,59714046749
2025-07-29,2차전지/에너지,48620749596
2025-07-30,2차전지/에너지,51633487734
2025-07-31,2차전지/에너지,120558789540
2025-08-01,2차전지/에너지,86359503236
2025-08-04,2차전지/에너지,46815549950
2025-08-05,2차전지/에너지,103617151340
2025-08-06,2차전지/에너지,37868979154
2025-08-07,2차전지/에너지,54825451702
2025-08-08,2차전지/에너지,45248908051
2025-08-11,2차전지/에너지,91798039464
2025-08-12,2차전지/에너지,77917465673
2025-08-13,2차전지/에너지,53936581175
2025-08-14,2차전지/에너지,41557980114
2025-08-18,2차전지/에너지,25781770112
2025-08-19,2차전지/에너지,32272910638
2025-08-20,2차전지/에너지,46743820975
2025-08-21,2차전지/에너지,101647299064
2025-08-22,2차전지/에너지,48778713349
2025-08-25,2차전지/에너지,65773442455
2025-08-26,2차전지/에너지,54852727362
2025-08-27,2차전지/에너지,36922636924
2025-08-28,2차전지/에너지,26128957270
2025-08-29,2차전지/에너지,73723308365
2025-09-01,2차전지/에너지,32654353541
2025-09-02,2차전지/에너지,31508233379
2025-09-03,2차전지/에너지,67312987037
2025-09-04,2차전지/에너지,32137012174
2025-09-05,2차전지/에너지,21143818387
2025-09-08,2차전지/에너지,28890589161
2025-09-09,2차전지/에너지,25167579580
2025-09-10,2차전지/에너지,46558113496
2025-09-11,2차전지/에너지,62862246080
2025-09-12,2차전지/에너지,42014548084
2025-09-15,2차전지/에너지,30025361692
2025-09-16,2차전지/에너지,37329936528
2025-09-17,2차전지/에너지,23423926567
2025-09-18,2차전지/에너지,29785095715
2025-09-19,2차전지/에너지,37983599843
2025-09-22,2차전지/에너지,62097453556
2025-09-23,2차전지/에너지,40846017886
2025-09-24,2차전지/에너지,82505792330
2025-09-25,2차전지/에너지,43213113736
2025-09-26,2차전지/에너지,26417710329
2025-09-29,2차전지/에너지,35507910530
2025-09-30,2차전지/에너지,19094656586
2025-10-01,2차전지/에너지,19596561580
2025-10-02,2차전지/에너지,32196805574
2025-10-10,2차전지/에너지,41832906332
2025-10-13,2차전지/에너지,64903424251
2025-10-14,2차전지/에너지,168605118222
2025-10-15,2차전지/에너지,226653810024
2025-10-16,2차전지/에너지,102379702450
2025-10-17,2차전지/에너지,101847270150
2025-10-20,2차전지/에너지,71657121321
2025-10-21,2차전지/에너지,74503994020
2025-10-22,2차전지/에너지,88495346889
2025-10-23,2차전지/에너지,78858773610
2025-10-24,2차전지/에너지,221595245770
2025-10-27,2차전지/에너지,165824439084
2025-10-28,2차전지/에너지,141453487445
2025-10-29,2차전지/에너지,587168258962
2025-10-30,2차전지/에너지,216328504740
2025-10-31,2차전지/에너지,99171021780
2025-11-03,2차전지/에너지,107480235720
2025-11-04,2차전지/에너지,462741994530
2025-11-05,2차전지/에너지,176129068860
2025-11-06,2차전지/에너지,147129169480
2025-11-07,2차전지/에너지,74914841794
2025-11-10,2차전지/에너지,111241949662
2025-11-11,2차전지/에너지,174312960386
2025-11-12,2차전지/에너지,244889040415
2025-11-13,2차전지/에너지,139173330145
2025-11-14,2차전지/에너지,95788951398
2025-11-17,2차전지/에너지,76902947512
2025-11-18,2차전지/에너지,89037438282
2025-11-19,2차전지/에너지,55390269662
2025-11-20,2차전지/에너지,121302800591
2025-11-21,2차전지/에너지,105438962059
2025-11-24,2차전지/에너지,65998117640
2025-11-25,2차전지/에너지,86548226182
2025-11-26,2차전지/에너지,86299727194
2025-11-27,2차전지/에너지,50020815144
2025-11-28,2차전지/에너지,37317907572
2025-12-01,2차전지/에너지,63391108728
2025-12-02,2차전지/에너지,43512976054
2025-12-03,2차전지/에너지,61230450312
2025-12-04,2차전지/에너지,58807676366
2025-12-05,2차전지/에너지,73547953308
2025-12-08,2차전지/에너지,98460914361
2025-12-09,2차전지/에너지,52921652973
2025-12-10,2차전지/에너지,92111830000
2025-12-11,2차전지/에너지,41146792337
2025-12-12,2차전지/에너지,54758294468
2025-12-15,2차전지/에너지,48715694724
2025-12-16,2차전지/에너지,50751962976
2025-12-17,2차전지/에너지,38465373003
2025-12-18,2차전지/에너지,33082556751
2025-12-19,2차전지/에너지,33449839494
2025-12-22,2차전지/에너지,23994080441
2025-12-23,2차전지/에너지,25839312992
2025-12-24,2차전지/에너지,23067131265
2025-12-26,2차전지/에너지,24879712285
2025-12-29,2차전지/에너지,22412764716
2025-12-30,2차전지/에너지,21995270760
2026-01-02,2차전지/에너지,23392805928
2026-01-05,2차전지/에너지,28182942090
2026-01-06,2차전지/에너지,33999915394
2026-01-07,2차전지/에너지,37135560904
2026-01-08,2차전지/에너지,25134701708
2026-01-09,2차전지/에너지,21295198055
2026-01-12,2차전지/에너지,25130223681
2026-01-13,2차전지/에너지,28633218940
2026-01-14,2차전지/에너지,77571170592
2026-01-15,2차전지/에너지,37096486020
2026-01-16,2차전지/에너지,32451028688
2026-01-19,2차전지/에너지,43045910530
2026-01-20,2차전지/에너지,62198229722
2026-01-21,2차전지/에너지,49790107680
2026-01-22,2차전지/에너지,304888430064
2026-01-23,2차전지/에너지,162726233928
2026-01-26,2차전지/에너지,143492882445
2025-01-31,AI,139827953360
2025-02-03,AI,205443059434
2025-02-04,AI,216251676666
2025-02-05,AI,180612898579
2025-02-06,AI,340891012863
2025-02-07,AI,157482596072
2025-02-10,AI,402479249031
2025-02-11,AI,209303440038
2025-02-12,AI,176443092735
2025-02-13,AI,395787256070
2025-02-14,AI,208850868693
2025-02-17,AI,198862627130
2025-02-18,AI,171521336027
2025-02-19,AI,270424621132
2025-02-20,AI,610312274134
2025-02-21,AI,125510262900
2025-02-24,AI,196196407781
2025-02-25,AI,123306729401
2025-02-26,AI,116747269890
2025-02-27,AI,341932084002
2025-02-28,AI,223267691150
2025-03-04,AI,226067546098
2025-03-05,AI,217795370594
2025-03-06,AI,164656553506
2025-03-07,AI,191440110144
2025-03-10,AI,165923487215
2025-03-11,AI,116076716940
2025-03-12,AI,122862551328
2025-03-13,AI,164544452174
2025-03-14,AI,191099972182
2025-03-17,AI,134015323518
2025-03-18,AI,139157172378
2025-03-19,AI,175663577832
2025-03-20,AI,124338347010
2025-03-21,AI,188791217128
2025-03-24,AI,72150206449
2025-03-25,AI,99231724808
2025-03-26,AI,220172140993
2025-03-27,AI,111360639005
2025-03-28,AI,98974816450
2025-03-31,AI,231189114342
2025-04-01,AI,189666917454
2025-04-02,AI,135206599944
2025-04-03,AI,156322699502
2025-04-04,AI,180127241500
2025-04-07,AI,174447112681
2025-04-08,AI,163223602901
2025-04-09,AI,146039816854
2025-04-10,AI,318459111303
2025-04-11,AI,144549848518
2025-04-14,AI,138501254208
2025-04-15,AI,110715143287
2025-04-16,AI,181544113500
2025-04-17,AI,227905733000
2025-04-18,AI,101991551405
2025-04-21,AI,157317719914
2025-04-22,AI,135916113630
2025-04-23,AI,200685704186
2025-04-24,AI,365809420395
2025-04-25,AI,412454333448
2025-04-28,AI,190429697286
2025-04-29,AI,283858490113
2025-04-30,AI,265900664615
2025-05-02,AI,215957635834
2025-05-07,AI,160335322422
2025-05-08,AI,331199903043
2025-05-09,AI,260451776455
2025-05-12,AI,211297139610
2025-05-13,AI,256568215710
2025-05-14,AI,495454618515
2025-05-15,AI,232129966066
2025-05-16,AI,464149724480
2025-05-19,AI,281109353585
2025-05-20,AI,413664256762
2025-05-21,AI,210933100140
2025-05-22,AI,461090530892
2025-05-23,AI,1278887180510
2025-05-26,AI,271489291500
2025-05-27,AI,250269186784
2025-05-28,AI,253666172220
2025-05-29,AI,243193627477
2025-05-30,AI,350586972142
2025-06-02,AI,229192041770
2025-06-04,AI,369052777001
2025-06-05,AI,216947605352
2025-06-09,AI,350020602585
2025-06-10,AI,693314490380
2025-06-11,AI,1052366873532
2025-06-12,AI,543771100919
2025-06-13,AI,385652101444
2025-06-16,AI,252485568505
2025-06-17,AI,396204803369
2025-06-18,AI,267119624640
2025-06-19,AI,186116725583
2025-06-20,AI,346579543826
2025-06-23,AI,204338707950
2025-06-24,AI,244166341468
2025-06-25,AI,284485004392
2025-06-26,AI,169206703160
2025-06-27,AI,257124526025
2025-06-30,AI,158937009480
2025-07-01,AI,368628890715
2025-07-02,AI,388861109545
2025-07-03,AI,540871195310
2025-07-04,AI,266010831490
2025-07-07,AI,793172764755
2025-07-08,AI,710327857170
2025-07-09,AI,764237366045
2025-07-10,AI,480822438220
2025-07-11,AI,1044299566675
2025-07-14,AI,556411427720
2025-07-15,AI,328679143030
2025-07-16,AI,261354149920
2025-07-17,AI,174479298890
2025-07-18,AI,259343615040
2025-07-21,AI,853644196220
2025-07-22,AI,314986299630
2025-07-23,AI,242688883000
2025-07-24,AI,661358531070
2025-07-25,AI,357734934460
2025-07-28,AI,400688982610
2025-07-29,AI,404656188190
2025-07-30,AI,789332599860
2025-07-31,AI,526622249600
2025-08-01,AI,256844648760
2025-08-04,AI,197362674910
2025-08-05,AI,255774805390
2025-08-06,AI,196887098725
2025-08-07,AI,164329528845
2025-08-08,AI,180403036320
2025-08-11,AI,223849927750
2025-08-12,AI,162924888310
2025-08-13,AI,118114021610
2025-08-14,AI,216948749235
2025-08-18,AI,198309352550
2025-08-19,AI,164169708805
2025-08-20,AI,121456377200
2025-08-21,AI,143326108720
2025-08-22,AI,136641163335
2025-08-25,AI,127404336130
2025-08-26,AI,183686300770
2025-08-27,AI,151448046310
2025-08-28,AI,132037173615
2025-08-29,AI,157464280400
2025-09-01,AI,99811332910
2025-09-02,AI,95961667660
2025-09-03,AI,116897577410
2025-09-04,AI,193811673550
2025-09-05,AI,164088489660
2025-09-08,AI,148752657730
2025-09-09,AI,123905606395
2025-09-10,AI,140129723910
2025-09-11,AI,261383625770
2025-09-12,AI,378375713505
2025-09-15,AI,299587982120
2025-09-16,AI,245764358780
2025-09-17,AI,138515647410
2025-09-18,AI,190320253375
2025-09-19,AI,132069244350
2025-09-22,AI,110842724650
2025-09-23,AI,172674396920
2025-09-24,AI,191338476130
2025-09-25,AI,177419169300
2025-09-26,AI,99433777770
2025-09-29,AI,82052777460
2025-09-30,AI,89865159705
2025-10-01,AI,125646385540
2025-10-02,AI,406748361440
2025-10-10,AI,270856771880
2025-10-13,AI,222219023980
2025-10-14,AI,421415856835
2025-10-15,AI,200534864970
2025-10-16,AI,487668913310
2025-10-17,AI,495963523475
2025-10-20,AI,238815573865
2025-10-21,AI,309282665100
2025-10-22,AI,349102229790
2025-10-23,AI,306893625060
2025-10-24,AI,676686516745
2025-10-27,AI,445362378430
2025-10-28,AI,485004505655
2025-10-29,AI,380705115550
2025-10-30,AI,471271621060
2025-10-31,AI,359063499870
2025-11-03,AI,559663466050
2025-11-04,AI,413063754315
2025-11-05,AI,603036208320
2025-11-06,AI,462173182360
2025-11-07,AI,591556387590
2025-11-10,AI,473408974040
2025-11-11,AI,391570585925
2025-11-12,AI,345774654360
2025-11-13,AI,498473761830
2025-11-14,AI,315520809000
2025-11-17,AI,163468595130
2025-11-18,AI,229240152855
2025-11-19,AI,207058510440
2025-11-20,AI,151987433790
2025-11-21,AI,163899800320
2025-11-24,AI,577492506190
2025-11-25,AI,215911334210
2025-11-26,AI,294280836820
2025-11-27,AI,235706402805
2025-11-28,AI,388950117540
2025-12-01,AI,265548811020
2025-12-02,AI,197322368090
2025-12-03,AI,298350986610
2025-12-04,AI,335225159965
2025-12-05,AI,313102528170
2025-12-08,AI,455630556310
2025-12-09,AI,230135413790
2025-12-10,AI,285051459590
2025-12-11,AI,488822882450
2025-12-12,AI,383405169335
2025-12-15,AI,302711200610
2025-12-16,AI,299119249250
2025-12-17,AI,201214797465
2025-12-18,AI,360087382835
2025-12-19,AI,399931537550
2025-12-22,AI,219488127275
2025-12-23,AI,178702825195
2025-12-24,AI,151712251980
2025-12-26,AI,192273132520
2025-12-29,AI,256417004350
2025-12-30,AI,186871175045
2026-01-02,AI,206300115140
2026-01-05,AI,256958817560
2026-01-06,AI,217077351470
2026-01-07,AI,468945412000
2026-01-08,AI,1037261879570
2026-01-09,AI,573091352390
2026-01-12,AI,483832857600
2026-01-13,AI,466152736440
2026-01-14,AI,299074805300
2026-01-15,AI,298873030860
2026-01-16,AI,374281115980
2026-01-19,AI,324056979820
2026-01-20,AI,324646728070
2026-01-21,AI,274618804470
2026-01-22,AI,444143518440
2026-01-23,AI,398501415930
2026-01-26,AI,319390512940
2025-01-31,금융(증권제외),252390920056
2025-02-03,금융(증권제외),145237911004
2025-02-04,금융(증권제외),170462122673
2025-02-05,금융(증권제외),120723714494
2025-02-06,금융(증권제외),335423904052
2025-02-07,금융(증권제외),223122925203
2025-02-10,금융(증권제외),168042393172
2025-02-11,금융(증권제외),154834718722
2025-02-12,금융(증권제외),193915965720
2025-02-13,금융(증권제외),366120702245
2025-02-14,금융(증권제외),258522359163
2025-02-17,금융(증권제외),245031629198
2025-02-18,금융(증권제외),135903012048
2025-02-19,금융(증권제외),158418001782
2025-02-20,금융(증권제외),172898541590
2025-02-21,금융(증권제외),170831157668
2025-02-24,금융(증권제외),109514139118
2025-02-25,금융(증권제외),113430115304
2025-02-26,금융(증권제외),150600731780
2025-02-27,금융(증권제외),170801240940
2025-02-28,금융(증권제외),198420330180
2025-03-04,금융(증권제외),138283520870
2025-03-05,금융(증권제외),163289900742
2025-03-06,금융(증권제외),157002271397
2025-03-07,금융(증권제외),133796533296
2025-03-10,금융(증권제외),115394884714
2025-03-11,금융(증권제외),139948862922
2025-03-12,금융(증권제외),158696055448
2025-03-13,금융(증권제외),291654918540
2025-03-14,금융(증권제외),734044516515
2025-03-17,금융(증권제외),248761595898
2025-03-18,금융(증권제외),174990009276
2025-03-19,금융(증권제외),573567594584
2025-03-20,금융(증권제외),215699428134
2025-03-21,금융(증권제외),336930461894
2025-03-24,금융(증권제외),186091666042
2025-03-25,금융(증권제외),196638204258
2025-03-26,금융(증권제외),164565271040
2025-03-27,금융(증권제외),153588191442
2025-03-28,금융(증권제외),157658441105
2025-03-31,금융(증권제외),206168649490
2025-04-01,금융(증권제외),104732776860
2025-04-02,금융(증권제외),123459133740
2025-04-03,금융(증권제외),189154360288
2025-04-04,금융(증권제외),154489951503
2025-04-07,금융(증권제외),192033314336
2025-04-08,금융(증권제외),198329518334
2025-04-09,금융(증권제외),142636672979
2025-04-10,금융(증권제외),190858967717
2025-04-11,금융(증권제외),116198163245
2025-04-14,금융(증권제외),87043911539
2025-04-15,금융(증권제외),83857061664
2025-04-16,금융(증권제외),120029108604
2025-04-17,금융(증권제외),111823953555
2025-04-18,금융(증권제외),275061577072
2025-04-21,금융(증권제외),90490920790
2025-04-22,금융(증권제외),140680357810
2025-04-23,금융(증권제외),148842186623
2025-04-24,금융(증권제외),221348777320
2025-04-25,금융(증권제외),165414296294
2025-04-28,금융(증권제외),85075715170
2025-04-29,금융(증권제외),165125360905
2025-04-30,금융(증권제외),195105553402
2025-05-02,금융(증권제외),217296392227
2025-05-07,금융(증권제외),194211666335
2025-05-08,금융(증권제외),175484410392
2025-05-09,금융(증권제외),142611934620
2025-05-12,금융(증권제외),120792394924
2025-05-13,금융(증권제외),123084708900
2025-05-14,금융(증권제외),115954008847
2025-05-15,금융(증권제외),126944385816
2025-05-16,금융(증권제외),100990755296
2025-05-19,금융(증권제외),127286575530
2025-05-20,금융(증권제외),111965836996
2025-05-21,금융(증권제외),135912145944
2025-05-22,금융(증권제외),115477185820
2025-05-23,금융(증권제외),128763123420
2025-05-26,금융(증권제외),176125314010
2025-05-27,금융(증권제외),145123095542
2025-05-28,금융(증권제외),171780402087
2025-05-29,금융(증권제외),201031253761
2025-05-30,금융(증권제외),443974172268
2025-06-02,금융(증권제외),209637861915
2025-06-04,금융(증권제외),357480520365
2025-06-05,금융(증권제외),321261011204
2025-06-09,금융(증권제외),347553052868
2025-06-10,금융(증권제외),327329325933
2025-06-11,금융(증권제외),265990468852
2025-06-12,금융(증권제외),375838505590
2025-06-13,금융(증권제외),252021084071
2025-06-16,금융(증권제외),175733279385
2025-06-17,금융(증권제외),208258075856
2025-06-18,금융(증권제외),174718020345
2025-06-19,금융(증권제외),189080062772
2025-06-20,금융(증권제외),425859861835
2025-06-23,금융(증권제외),225372837505
2025-06-24,금융(증권제외),273730622800
2025-06-25,금융(증권제외),496845305690
2025-06-26,금융(증권제외),217447605252
2025-06-27,금융(증권제외),298934705701
2025-06-30,금융(증권제외),257114031085
2025-07-01,금융(증권제외),235215097250
2025-07-02,금융(증권제외),245716201460
2025-07-03,금융(증권제외),242178914015
2025-07-04,금융(증권제외),179349746342
2025-07-07,금융(증권제외),215818275768
2025-07-08,금융(증권제외),356912015770
2025-07-09,금융(증권제외),351504236518
2025-07-10,금융(증권제외),591549777958
2025-07-11,금융(증권제외),274212947875
2025-07-14,금융(증권제외),287014285880
2025-07-15,금융(증권제외),258254332277
2025-07-16,금융(증권제외),329754767030
2025-07-17,금융(증권제외),244957977475
2025-07-18,금융(증권제외),141260331824
2025-07-21,금융(증권제외),160416784740
2025-07-22,금융(증권제외),168077268634
2025-07-23,금융(증권제외),156475948518
2025-07-24,금융(증권제외),196547083610
2025-07-25,금융(증권제외),343599578966
2025-07-28,금융(증권제외),272896840830
2025-07-29,금융(증권제외),230214238436
2025-07-30,금융(증권제외),136231688925
2025-07-31,금융(증권제외),218249048212
2025-08-01,금융(증권제외),264951746230
2025-08-04,금융(증권제외),185334580690
2025-08-05,금융(증권제외),203970707590
2025-08-06,금융(증권제외),145489104186
2025-08-07,금융(증권제외),128073547924
2025-08-08,금융(증권제외),104220525820
2025-08-11,금융(증권제외),98089123870
2025-08-12,금융(증권제외),115121467083
2025-08-13,금융(증권제외),127151684912
2025-08-14,금융(증권제외),154138064290
2025-08-18,금융(증권제외),231542192688
2025-08-19,금융(증권제외),179404118710
2025-08-20,금융(증권제외),177787505095
2025-08-21,금융(증권제외),137449179422
2025-08-22,금융(증권제외),101942090995
2025-08-25,금융(증권제외),85554761638
2025-08-26,금융(증권제외),247694237759
2025-08-27,금융(증권제외),91790297020
2025-08-28,금융(증권제외),133507261370
2025-08-29,금융(증권제외),127568318257
2025-09-01,금융(증권제외),104264440640
2025-09-02,금융(증권제외),100914705330
2025-09-03,금융(증권제외),102218281277
2025-09-04,금융(증권제외),98400312194
2025-09-05,금융(증권제외),91125291368
2025-09-08,금융(증권제외),156703236210
2025-09-09,금융(증권제외),166546013739
2025-09-10,금융(증권제외),270160132402
2025-09-11,금융(증권제외),246118501118
2025-09-12,금융(증권제외),253370028425
2025-09-15,금융(증권제외),219933787179
2025-09-16,금융(증권제외),188875116835
2025-09-17,금융(증권제외),141838630040
2025-09-18,금융(증권제외),159932846439
2025-09-19,금융(증권제외),316809243990
2025-09-22,금융(증권제외),126378876180
2025-09-23,금융(증권제외),161513900080
2025-09-24,금융(증권제외),107216526735
2025-09-25,금융(증권제외),121582592420
2025-09-26,금융(증권제외),332249792370
2025-09-29,금융(증권제외),134074050590
2025-09-30,금융(증권제외),206841718342
2025-10-01,금융(증권제외),135180649510
2025-10-02,금융(증권제외),234770254230
2025-10-10,금융(증권제외),311794064160
2025-10-13,금융(증권제외),142912993760
2025-10-14,금융(증권제외),126378485335
2025-10-15,금융(증권제외),193005833930
2025-10-16,금융(증권제외),153306313010
2025-10-17,금융(증권제외),140224011285
2025-10-20,금융(증권제외),168939898156
2025-10-21,금융(증권제외),179318847284
2025-10-22,금융(증권제외),142034763180
2025-10-23,금융(증권제외),144287211880
2025-10-24,금융(증권제외),133623478425
2025-10-27,금융(증권제외),174061870951
2025-10-28,금융(증권제외),192033917140
2025-10-29,금융(증권제외),178357196159
2025-10-30,금융(증권제외),166391977484
2025-10-31,금융(증권제외),197606484854
2025-11-03,금융(증권제외),130199947890
2025-11-04,금융(증권제외),220008729404
2025-11-05,금융(증권제외),224781541814
2025-11-06,금융(증권제외),345524382138
2025-11-07,금융(증권제외),266642645972
2025-11-10,금융(증권제외),336233474079
2025-11-11,금융(증권제외),261275999947
2025-11-12,금융(증권제외),247561766022
2025-11-13,금융(증권제외),277538150813
2025-11-14,금융(증권제외),226626341990
2025-11-17,금융(증권제외),230811391150
2025-11-18,금융(증권제외),169692541421
2025-11-19,금융(증권제외),202788689012
2025-11-20,금융(증권제외),177030315052
2025-11-21,금융(증권제외),129388295610
2025-11-24,금융(증권제외),282794194626
2025-11-25,금융(증권제외),153995835720
2025-11-26,금융(증권제외),164584478530
2025-11-27,금융(증권제외),103335694102
2025-11-28,금융(증권제외),131697099320
2025-12-01,금융(증권제외),164156712185
2025-12-02,금융(증권제외),260371581711
2025-12-03,금융(증권제외),253003197770
2025-12-04,금융(증권제외),165262330380
2025-12-05,금융(증권제외),188670046832
2025-12-08,금융(증권제외),165705444967
2025-12-09,금융(증권제외),172540634630
2025-12-10,금융(증권제외),136022891910
2025-12-11,금융(증권제외),231282037939
2025-12-12,금융(증권제외),188030689460
2025-12-15,금융(증권제외),132179498840
2025-12-16,금융(증권제외),206180267962
2025-12-17,금융(증권제외),140297184034
2025-12-18,금융(증권제외),120654320848
2025-12-19,금융(증권제외),137883617678
2025-12-22,금융(증권제외),120905878083
2025-12-23,금융(증권제외),103640537130
2025-12-24,금융(증권제외),73060804892
2025-12-26,금융(증권제외),91341066643
2025-12-29,금융(증권제외),104226852156
2025-12-30,금융(증권제외),92797409645
2026-01-02,금융(증권제외),143466145169
2026-01-05,금융(증권제외),153368996570
2026-01-06,금융(증권제외),169283284595
2026-01-07,금융(증권제외),168532424870
2026-01-08,금융(증권제외),191785206955
2026-01-09,금융(증권제외),197071362298
2026-01-12,금융(증권제외),139474150692
2026-01-13,금융(증권제외),157333147935
2026-01-14,금융(증권제외),144119053478
2026-01-15,금융(증권제외),187685427712
2026-01-16,금융(증권제외),161103423490
2026-01-19,금융(증권제외),136250708681
2026-01-20,금융(증권제외),228470691263
2026-01-21,금융(증권제외),201711712990
2026-01-22,금융(증권제외),223610827300
2026-01-23,금융(증권제외),193625786681
2026-01-26,금융(증권제외),163071529790
2025-01-31,로봇,697774884458
2025-02-03,로봇,502067662580
2025-02-04,로봇,1111161085395
2025-02-05,로봇,1357187120994
2025-02-06,로봇,1394329696248
2025-02-07,로봇,1368905864842
2025-02-10,로봇,1839807791650
2025-02-11,로봇,1219363195325
2025-02-12,로봇,627593065260
2025-02-13,로봇,637986494810
2025-02-14,로봇,1108775451580
2025-02-17,로봇,569392469965
2025-02-18,로봇,1630413037100
2025-02-19,로봇,1091305695705
2025-02-20,로봇,435101577715
2025-02-21,로봇,682901499535
2025-02-24,로봇,342181240750
2025-02-25,로봇,272824180370
2025-02-26,로봇,285490406450
2025-02-27,로봇,340174079170
2025-02-28,로봇,601633631950
2025-03-04,로봇,318034822230
2025-03-05,로봇,937270015580
2025-03-06,로봇,492245399980
2025-03-07,로봇,316197744150
2025-03-10,로봇,427718492760
2025-03-11,로봇,1041326987680
2025-03-12,로봇,741984026720
2025-03-13,로봇,317333081025
2025-03-14,로봇,549591254760
2025-03-17,로봇,362833747070
2025-03-18,로봇,249814229810
2025-03-19,로봇,300501740000
2025-03-20,로봇,875751529820
2025-03-21,로봇,458876617804
2025-03-24,로봇,254231718600
2025-03-25,로봇,333724763245
2025-03-26,로봇,192554251590
2025-03-27,로봇,468055562690
2025-03-28,로봇,212801972210
2025-03-31,로봇,422990576124
2025-04-01,로봇,457675325104
2025-04-02,로봇,405121774090
2025-04-03,로봇,358971112392
2025-04-04,로봇,322394161954
2025-04-07,로봇,236964076370
2025-04-08,로봇,135455827795
2025-04-09,로봇,120113374905
2025-04-10,로봇,122814689122
2025-04-11,로봇,173597136386
2025-04-14,로봇,130789904662
2025-04-15,로봇,545636031350
2025-04-16,로봇,149236418105
2025-04-17,로봇,194088284570
2025-04-18,로봇,113058967710
2025-04-21,로봇,96742892329
2025-04-22,로봇,100310405600
2025-04-23,로봇,81454523788
2025-04-24,로봇,99236786630
2025-04-25,로봇,64645399090
2025-04-28,로봇,68471726936
2025-04-29,로봇,50243312520
2025-04-30,로봇,63776333312
2025-05-02,로봇,45167631118
2025-05-07,로봇,72684348091
2025-05-08,로봇,461259295390
2025-05-09,로봇,280618355520
2025-05-12,로봇,161895075715
2025-05-13,로봇,518305284190
2025-05-14,로봇,938701617395
2025-05-15,로봇,817624738415
2025-05-16,로봇,440289234220
2025-05-19,로봇,219610448520
2025-05-20,로봇,596813735980
2025-05-21,로봇,538399504020
2025-05-22,로봇,373193282140
2025-05-23,로봇,163446168110
2025-05-26,로봇,114797386410
2025-05-27,로봇,156455927745
2025-05-28,로봇,324164042700
2025-05-29,로봇,174113515960
2025-05-30,로봇,77740380560
2025-06-02,로봇,74013512325
2025-06-04,로봇,254602638800
2025-06-05,로봇,113918384150
2025-06-09,로봇,123396440690
2025-06-10,로봇,126995003005
2025-06-11,로봇,71224672510
2025-06-12,로봇,105361397455
2025-06-13,로봇,139305250545
2025-06-16,로봇,83532425965
2025-06-17,로봇,118876632385
2025-06-18,로봇,64966715000
2025-06-19,로봇,89436196610
2025-06-20,로봇,325953339140
2025-06-23,로봇,614732211800
2025-06-24,로봇,621387668250
2025-06-25,로봇,346761409530
2025-06-26,로봇,216991060810
2025-06-27,로봇,702305714230
2025-06-30,로봇,350393845095
2025-07-01,로봇,197420164635
2025-07-02,로봇,138466092720
2025-07-03,로봇,100211318110
2025-07-04,로봇,126143075045
2025-07-07,로봇,69160085230
2025-07-08,로봇,77728397030
2025-07-09,로봇,81179554500
2025-07-10,로봇,150644024540
2025-07-11,로봇,96511580470
2025-07-14,로봇,55051783310
2025-07-15,로봇,118659362205
2025-07-16,로봇,113031353065
2025-07-17,로봇,121620041680
2025-07-18,로봇,52921145250
2025-07-21,로봇,64618364095
2025-07-22,로봇,64331380370
2025-07-23,로봇,54046638150
2025-07-24,로봇,53312506840
2025-07-25,로봇,37333719540
2025-07-28,로봇,59686565650
2025-07-29,로봇,63331026055
2025-07-30,로봇,123132724580
2025-07-31,로봇,53139053955
2025-08-01,로봇,81913212590
2025-08-04,로봇,60432212060
2025-08-05,로봇,78279246445
2025-08-06,로봇,53340653350
2025-08-07,로봇,56082337430
2025-08-08,로봇,77384256600
2025-08-11,로봇,45952337960
2025-08-12,로봇,84139041670
2025-08-13,로봇,40671488475
2025-08-14,로봇,49120339170
2025-08-18,로봇,38509733545
2025-08-19,로봇,41280017495
2025-08-20,로봇,56111154245
2025-08-21,로봇,32043918680
2025-08-22,로봇,56127880330
2025-08-25,로봇,356076167000
2025-08-26,로봇,374079295340
2025-08-27,로봇,103937286010
2025-08-28,로봇,208089917680
2025-08-29,로봇,102090015170
2025-09-01,로봇,132030118435
2025-09-02,로봇,227418993120
2025-09-03,로봇,86317180730
2025-09-04,로봇,100102469160
2025-09-05,로봇,228470511090
2025-09-08,로봇,458511794820
2025-09-09,로봇,672333078420
2025-09-10,로봇,744001528445
2025-09-11,로봇,261874601805
2025-09-12,로봇,595719298570
2025-09-15,로봇,849132172960
2025-09-16,로봇,347872355120
2025-09-17,로봇,586282166020
2025-09-18,로봇,422259066540
2025-09-19,로봇,943462151930
2025-09-22,로봇,623017743055
2025-09-23,로봇,259005930295
2025-09-24,로봇,499678157670
2025-09-25,로봇,930011615850
2025-09-26,로봇,340772046520
2025-09-29,로봇,218253686730
2025-09-30,로봇,196756458680
2025-10-01,로봇,146501622630
2025-10-02,로봇,145110867390
2025-10-10,로봇,860689376420
2025-10-13,로봇,1002332818870
2025-10-14,로봇,1249078818080
2025-10-15,로봇,1031354627720
2025-10-16,로봇,674544927245
2025-10-17,로봇,771398658100
2025-10-20,로봇,1214500910980
2025-10-21,로봇,1156522390740
2025-10-22,로봇,455077803860
2025-10-23,로봇,405924169570
2025-10-24,로봇,337889111220
2025-10-27,로봇,335262088500
2025-10-28,로봇,315988099340
2025-10-29,로봇,448691626640
2025-10-30,로봇,397825525670
2025-10-31,로봇,1771510789480
2025-11-03,로봇,2603492282770
2025-11-04,로봇,1071323710360
2025-11-05,로봇,822823703760
2025-11-06,로봇,520525744770
2025-11-07,로봇,447996157220
2025-11-10,로봇,356949692930
2025-11-11,로봇,348524710300
2025-11-12,로봇,205641324060
2025-11-13,로봇,282432943960
2025-11-14,로봇,198902237290
2025-11-17,로봇,177259328120
2025-11-18,로봇,207168706170
2025-11-19,로봇,335968796900
2025-11-20,로봇,179666323470
2025-11-21,로봇,164827148890
2025-11-24,로봇,151296369140
2025-11-25,로봇,133522391550
2025-11-26,로봇,119451161980
2025-11-27,로봇,235256339340
2025-11-28,로봇,621619385330
2025-12-01,로봇,899183648160
2025-12-02,로봇,360988726120
2025-12-03,로봇,320751329420
2025-12-04,로봇,1119794837660
2025-12-05,로봇,594302490070
2025-12-08,로봇,621875033620
2025-12-09,로봇,790387749810
2025-12-10,로봇,1012823846150
2025-12-11,로봇,683695791250
2025-12-12,로봇,1781916993370
2025-12-15,로봇,1121899762080
2025-12-16,로봇,548864159160
2025-12-17,로봇,439460679320
2025-12-18,로봇,864120397460
2025-12-19,로봇,568288885360
2025-12-22,로봇,840060321080
2025-12-23,로봇,1181048571570
2025-12-24,로봇,718784460380
2025-12-26,로봇,450671076820
2025-12-29,로봇,1105576013090
2025-12-30,로봇,447941881690
2026-01-02,로봇,569771671990
2026-01-05,로봇,466203784570
2026-01-06,로봇,424140731780
2026-01-07,로봇,580350595330
2026-01-08,로봇,368929675860
2026-01-09,로봇,239399779520
2026-01-12,로봇,307517373720
2026-01-13,로봇,692799156910
2026-01-14,로봇,709427313940
2026-01-15,로봇,1991035706540
2026-01-16,로봇,2082716776000
2026-01-19,로봇,2616166447770
2026-01-20,로봇,1757008743800
2026-01-21,로봇,2982847097650
2026-01-22,로봇,979863716700
2026-01-23,로봇,2344397437350
2026-01-26,로봇,4363343085550
2025-01-31,바이오/헬스,337254205062
2025-02-03,바이오/헬스,402708034410
2025-02-04,바이오/헬스,342753153645
2025-02-05,바이오/헬스,633076773726
2025-02-06,바이오/헬스,434630252765
2025-02-07,바이오/헬스,494803763385
2025-02-10,바이오/헬스,394938089472
2025-02-11,바이오/헬스,370238719278
2025-02-12,바이오/헬스,324290908533
2025-02-13,바이오/헬스,334840744470
2025-02-14,바이오/헬스,373263366046
2025-02-17,바이오/헬스,270276589211
2025-02-18,바이오/헬스,576369184428
2025-02-19,바이오/헬스,459125854166
2025-02-20,바이오/헬스,345071919807
2025-02-21,바이오/헬스,240770097040
2025-02-24,바이오/헬스,256744785760
2025-02-25,바이오/헬스,360355467325
2025-02-26,바이오/헬스,297057577470
2025-02-27,바이오/헬스,231976744158
2025-02-28,바이오/헬스,271261684505
2025-03-04,바이오/헬스,258703670068
2025-03-05,바이오/헬스,281075335046
2025-03-06,바이오/헬스,266560535228
2025-03-07,바이오/헬스,276012101859
2025-03-10,바이오/헬스,188492760411
2025-03-11,바이오/헬스,181518224462
2025-03-12,바이오/헬스,174503018772
2025-03-13,바이오/헬스,335776766948
2025-03-14,바이오/헬스,235930801466
2025-03-17,바이오/헬스,204968969990
2025-03-18,바이오/헬스,202507815362
2025-03-19,바이오/헬스,237322187120
2025-03-20,바이오/헬스,231250041461
2025-03-21,바이오/헬스,276358541663
2025-03-24,바이오/헬스,105142556966
2025-03-25,바이오/헬스,113687483760
2025-03-26,바이오/헬스,137928671586
2025-03-27,바이오/헬스,88426344088
2025-03-28,바이오/헬스,134014820114
2025-03-31,바이오/헬스,187472840335
2025-04-01,바이오/헬스,169288455419
2025-04-02,바이오/헬스,175022977755
2025-04-03,바이오/헬스,242689755304
2025-04-04,바이오/헬스,231065361147
2025-04-07,바이오/헬스,281303523633
2025-04-08,바이오/헬스,770236201640
2025-04-09,바이오/헬스,600225860185
2025-04-10,바이오/헬스,509868848555
2025-04-11,바이오/헬스,324184418444
2025-04-14,바이오/헬스,367236690274
2025-04-15,바이오/헬스,304667835292
2025-04-16,바이오/헬스,247746333311
2025-04-17,바이오/헬스,226636309648
2025-04-18,바이오/헬스,196464388655
2025-04-21,바이오/헬스,167162828248
2025-04-22,바이오/헬스,397556754118
2025-04-23,바이오/헬스,205093695132
2025-04-24,바이오/헬스,241965768911
2025-04-25,바이오/헬스,193422153029
2025-04-28,바이오/헬스,248147659136
2025-04-29,바이오/헬스,161993275386
2025-04-30,바이오/헬스,147127541486
2025-05-02,바이오/헬스,167137701992
2025-05-07,바이오/헬스,265898118483
2025-05-08,바이오/헬스,191748256028
2025-05-09,바이오/헬스,116648740324
2025-05-12,바이오/헬스,260385830396
2025-05-13,바이오/헬스,240433490516
2025-05-14,바이오/헬스,188439763523
2025-05-15,바이오/헬스,133094754844
2025-05-16,바이오/헬스,107648873872
2025-05-19,바이오/헬스,199413959614
2025-05-20,바이오/헬스,263346717151
2025-05-21,바이오/헬스,379852591402
2025-05-22,바이오/헬스,373157509350
2025-05-23,바이오/헬스,209521905536
2025-05-26,바이오/헬스,232035568017
2025-05-27,바이오/헬스,512840204843
2025-05-28,바이오/헬스,221120784903
2025-05-29,바이오/헬스,238046348856
2025-05-30,바이오/헬스,294065019426
2025-06-02,바이오/헬스,151950610382
2025-06-04,바이오/헬스,251659436394
2025-06-05,바이오/헬스,283983135157
2025-06-09,바이오/헬스,257535745432
2025-06-10,바이오/헬스,218527759636
2025-06-11,바이오/헬스,307871712737
2025-06-12,바이오/헬스,277047686497
2025-06-13,바이오/헬스,356120814644
2025-06-16,바이오/헬스,199237597196
2025-06-17,바이오/헬스,195902521071
2025-06-18,바이오/헬스,204556512996
2025-06-19,바이오/헬스,141139909240
2025-06-20,바이오/헬스,294293349578
2025-06-23,바이오/헬스,207823630870
2025-06-24,바이오/헬스,200628486213
2025-06-25,바이오/헬스,220155792006
2025-06-26,바이오/헬스,216869881016
2025-06-27,바이오/헬스,198403113446
2025-06-30,바이오/헬스,164959113777
2025-07-01,바이오/헬스,169095559531
2025-07-02,바이오/헬스,497066416171
2025-07-03,바이오/헬스,400534716352
2025-07-04,바이오/헬스,344468542580
2025-07-07,바이오/헬스,184856891075
2025-07-08,바이오/헬스,191050440727
2025-07-09,바이오/헬스,194789428394
2025-07-10,바이오/헬스,589477088237
2025-07-11,바이오/헬스,509431299327
2025-07-14,바이오/헬스,196573872780
2025-07-15,바이오/헬스,332941769168
2025-07-16,바이오/헬스,194954208398
2025-07-17,바이오/헬스,389915519278
2025-07-18,바이오/헬스,474721033438
2025-07-21,바이오/헬스,241036037068
2025-07-22,바이오/헬스,319138498159
2025-07-23,바이오/헬스,547838668768
2025-07-24,바이오/헬스,1245967345334
2025-07-25,바이오/헬스,420937064103
2025-07-28,바이오/헬스,315244601747
2025-07-29,바이오/헬스,285973112579
2025-07-30,바이오/헬스,313820173616
2025-07-31,바이오/헬스,282512909114
2025-08-01,바이오/헬스,280447590647
2025-08-04,바이오/헬스,230868386668
2025-08-05,바이오/헬스,253250901433
2025-08-06,바이오/헬스,313673916716
2025-08-07,바이오/헬스,197165428253
2025-08-08,바이오/헬스,169997155526
2025-08-11,바이오/헬스,171260677472
2025-08-12,바이오/헬스,224361695972
2025-08-13,바이오/헬스,324545696458
2025-08-14,바이오/헬스,1067148910015
2025-08-18,바이오/헬스,398956028394
2025-08-19,바이오/헬스,422603125510
2025-08-20,바이오/헬스,339517032533
2025-08-21,바이오/헬스,198759956660
2025-08-22,바이오/헬스,189994861252
2025-08-25,바이오/헬스,410031887578
2025-08-26,바이오/헬스,482681795928
2025-08-27,바이오/헬스,440086313529
2025-08-28,바이오/헬스,325704190719
2025-08-29,바이오/헬스,310620680777
2025-09-01,바이오/헬스,385173730762
2025-09-02,바이오/헬스,321242938585
2025-09-03,바이오/헬스,340650246436
2025-09-04,바이오/헬스,246518462710
2025-09-05,바이오/헬스,556646661548
2025-09-08,바이오/헬스,558485061272
2025-09-09,바이오/헬스,400701826530
2025-09-10,바이오/헬스,511276689546
2025-09-11,바이오/헬스,500533772242
2025-09-12,바이오/헬스,645352650001
2025-09-15,바이오/헬스,754430849761
2025-09-16,바이오/헬스,499913731080
2025-09-17,바이오/헬스,551636927809
2025-09-18,바이오/헬스,335368152987
2025-09-19,바이오/헬스,725785007107
2025-09-22,바이오/헬스,702872143516
2025-09-23,바이오/헬스,773924846196
2025-09-24,바이오/헬스,646387578652
2025-09-25,바이오/헬스,533959276232
2025-09-26,바이오/헬스,512879567316
2025-09-29,바이오/헬스,377797422071
2025-09-30,바이오/헬스,678316424777
2025-10-01,바이오/헬스,374340780416
2025-10-02,바이오/헬스,352572057636
2025-10-10,바이오/헬스,391115403333
2025-10-13,바이오/헬스,298598177091
2025-10-14,바이오/헬스,402001234154
2025-10-15,바이오/헬스,600999698401
2025-10-16,바이오/헬스,635442435750
2025-10-17,바이오/헬스,404123859635
2025-10-20,바이오/헬스,327361353308
2025-10-21,바이오/헬스,356667896680
2025-10-22,바이오/헬스,644121734257
2025-10-23,바이오/헬스,355403592409
2025-10-24,바이오/헬스,282548341368
2025-10-27,바이오/헬스,683260596651
2025-10-28,바이오/헬스,520369351080
2025-10-29,바이오/헬스,588391148745
2025-10-30,바이오/헬스,238283122640
2025-10-31,바이오/헬스,437526528487
2025-11-03,바이오/헬스,427387817994
2025-11-04,바이오/헬스,778402867128
2025-11-05,바이오/헬스,511222203270
2025-11-06,바이오/헬스,303223456968
2025-11-07,바이오/헬스,321764630378
2025-11-10,바이오/헬스,416566454632
2025-11-11,바이오/헬스,768011506405
2025-11-12,바이오/헬스,937071699365
2025-11-13,바이오/헬스,1911979982210
2025-11-14,바이오/헬스,1588989992246
2025-11-17,바이오/헬스,814711891360
2025-11-18,바이오/헬스,620086023335
2025-11-19,바이오/헬스,518145070495
2025-11-20,바이오/헬스,530370066895
2025-11-21,바이오/헬스,506727728160
2025-11-24,바이오/헬스,1437212392438
2025-11-25,바이오/헬스,908538747228
2025-11-26,바이오/헬스,718645188714
2025-11-27,바이오/헬스,479461836832
2025-11-28,바이오/헬스,1197037938290
2025-12-01,바이오/헬스,764411203480
2025-12-02,바이오/헬스,750488531660
2025-12-03,바이오/헬스,674977283470
2025-12-04,바이오/헬스,719181286972
2025-12-05,바이오/헬스,1162182190954
2025-12-08,바이오/헬스,548484165328
2025-12-09,바이오/헬스,607311028628
2025-12-10,바이오/헬스,675671866720
2025-12-11,바이오/헬스,544053248158
2025-12-12,바이오/헬스,589583315770
2025-12-15,바이오/헬스,611874141335
2025-12-16,바이오/헬스,642763656860
2025-12-17,바이오/헬스,459394765794
2025-12-18,바이오/헬스,455673418224
2025-12-19,바이오/헬스,734718003498
2025-12-22,바이오/헬스,490158639280
2025-12-23,바이오/헬스,444009892997
2025-12-24,바이오/헬스,381286647407
2025-12-26,바이오/헬스,654594824860
2025-12-29,바이오/헬스,490591015380
2025-12-30,바이오/헬스,412203528990
2026-01-02,바이오/헬스,467623986850
2026-01-05,바이오/헬스,690502560100
2026-01-06,바이오/헬스,514176595460
2026-01-07,바이오/헬스,636216498840
2026-01-08,바이오/헬스,969818097650
2026-01-09,바이오/헬스,561184509100
2026-01-12,바이오/헬스,565402614340
2026-01-13,바이오/헬스,575789734510
2026-01-14,바이오/헬스,625942226040
2026-01-15,바이오/헬스,485323699400
2026-01-16,바이오/헬스,1223229799580
2026-01-19,바이오/헬스,500144833250
2026-01-20,바이오/헬스,634156261200
2026-01-21,바이오/헬스,1076116512950
2026-01-22,바이오/헬스,1150261701020
2026-01-23,바이오/헬스,1313571612700
2026-01-26,바이오/헬스,1940825609100
2025-01-31,반도체,226782861760
2025-02-03,반도체,191287766800
2025-02-04,반도체,364156647655
2025-02-05,반도체,242435851450
2025-02-06,반도체,154921235460
2025-02-07,반도체,944935878280
2025-02-10,반도체,707941170965
2025-02-11,반도체,311791710370
2025-02-12,반도체,190798014785
2025-02-13,반도체,408199961095
2025-02-14,반도체,576887074300
2025-02-17,반도체,189028169280
2025-02-18,반도체,290520384250
2025-02-19,반도체,615257155945
2025-02-20,반도체,262795403035
2025-02-21,반도체,118822690560
2025-02-24,반도체,153974742920
2025-02-25,반도체,114666618550
2025-02-26,반도체,132175789005
2025-02-27,반도체,219265862620
2025-02-28,반도체,176937656920
2025-03-04,반도체,101741566860
2025-03-05,반도체,97253750780
2025-03-06,반도체,109592874560
2025-03-07,반도체,271497516245
2025-03-10,반도체,114601211130
2025-03-11,반도체,93350084625
2025-03-12,반도체,321740087330
2025-03-13,반도체,247036184320
2025-03-14,반도체,144798345965
2025-03-17,반도체,151850436710
2025-03-18,반도체,134766935670
2025-03-19,반도체,154348541250
2025-03-20,반도체,249893786210
2025-03-21,반도체,303039014610
2025-03-24,반도체,79797058370
2025-03-25,반도체,63068327870
2025-03-26,반도체,51954867165
2025-03-27,반도체,77214791205
2025-03-28,반도체,56539048050
2025-03-31,반도체,189068149005
2025-04-01,반도체,65137551245
2025-04-02,반도체,73601385360
2025-04-03,반도체,44907692170
2025-04-04,반도체,98822264225
2025-04-07,반도체,74472330360
2025-04-08,반도체,43073040710
2025-04-09,반도체,68897269655
2025-04-10,반도체,154376950865
2025-04-11,반도체,225657452340
2025-04-14,반도체,101417938820
2025-04-15,반도체,50274814380
2025-04-16,반도체,55167239050
2025-04-17,반도체,156132299440
2025-04-18,반도체,187631082915
2025-04-21,반도체,122384202130
2025-04-22,반도체,115498166535
2025-04-23,반도체,411454968320
2025-04-24,반도체,237130155860
2025-04-25,반도체,233037090745
2025-04-28,반도체,183338684135
2025-04-29,반도체,113683861755
2025-04-30,반도체,73297411645
2025-05-02,반도체,52148524195
2025-05-07,반도체,68359566355
2025-05-08,반도체,135081847985
2025-05-09,반도체,47312075505
2025-05-12,반도체,184275682010
2025-05-13,반도체,151696346090
2025-05-14,반도체,135072114060
2025-05-15,반도체,91208074735
2025-05-16,반도체,385362831340
2025-05-19,반도체,181329721890
2025-05-20,반도체,97170914190
2025-05-21,반도체,62911209920
2025-05-22,반도체,69232925560
2025-05-23,반도체,83763417170
2025-05-26,반도체,96618420125
2025-05-27,반도체,49282008050
2025-05-28,반도체,81581970630
2025-05-29,반도체,105306251135
2025-05-30,반도체,71659203520
2025-06-02,반도체,42901375260
2025-06-04,반도체,80536924145
2025-06-05,반도체,119994668355
2025-06-09,반도체,75479706130
2025-06-10,반도체,81961156235
2025-06-11,반도체,169612734995
2025-06-12,반도체,168185381150
2025-06-13,반도체,143557679420
2025-06-16,반도체,68430444820
2025-06-17,반도체,167567651425
2025-06-18,반도체,57456596240
2025-06-19,반도체,490014930920
2025-06-20,반도체,129085462760
2025-06-23,반도체,129339819695
2025-06-24,반도체,263397450225
2025-06-25,반도체,628402737775
2025-06-26,반도체,669467034430
2025-06-27,반도체,179564840800
2025-06-30,반도체,126991027450
2025-07-01,반도체,167744534840
2025-07-02,반도체,125248302980
2025-07-03,반도체,145672973090
2025-07-04,반도체,65567794210
2025-07-07,반도체,46468716200
2025-07-08,반도체,72871183595
2025-07-09,반도체,47319492075
2025-07-10,반도체,148850354315
2025-07-11,반도체,82469853225
2025-07-14,반도체,113120914820
2025-07-15,반도체,93711112970
2025-07-16,반도체,84764300715
2025-07-17,반도체,84744089595
2025-07-18,반도체,43889158420
2025-07-21,반도체,33445661840
2025-07-22,반도체,48223151140
2025-07-23,반도체,47400239900
2025-07-24,반도체,63628288675
2025-07-25,반도체,39834027785
2025-07-28,반도체,101246499010
2025-07-29,반도체,51563549115
2025-07-30,반도체,91406742690
2025-07-31,반도체,210023216040
2025-08-01,반도체,76061290220
2025-08-04,반도체,36211374790
2025-08-05,반도체,43797058180
2025-08-06,반도체,40420792000
2025-08-07,반도체,38180334520
2025-08-08,반도체,51631355430
2025-08-11,반도체,91460604075
2025-08-12,반도체,51999900640
2025-08-13,반도체,84153796600
2025-08-14,반도체,49087914900
2025-08-18,반도체,62745195140
2025-08-19,반도체,77296178570
2025-08-20,반도체,53196412725
2025-08-21,반도체,35347667020
2025-08-22,반도체,36795297470
2025-08-25,반도체,43402166220
2025-08-26,반도체,44007747490
2025-08-27,반도체,31547398835
2025-08-28,반도체,40797693580
2025-08-29,반도체,106305040520
2025-09-01,반도체,94157248040
2025-09-02,반도체,47605998040
2025-09-03,반도체,35856455490
2025-09-04,반도체,67444450555
2025-09-05,반도체,66297812670
2025-09-08,반도체,68848939430
2025-09-09,반도체,79236041340
2025-09-10,반도체,130727992210
2025-09-11,반도체,111976000280
2025-09-12,반도체,211785175315
2025-09-15,반도체,115957934005
2025-09-16,반도체,132262725995
2025-09-17,반도체,85481138800
2025-09-18,반도체,161497574655
2025-09-19,반도체,190890646650
2025-09-22,반도체,130164735685
2025-09-23,반도체,182153622960
2025-09-24,반도체,117976101360
2025-09-25,반도체,88369503795
2025-09-26,반도체,92629283420
2025-09-29,반도체,77515391080
2025-09-30,반도체,216312184515
2025-10-01,반도체,147198431100
2025-10-02,반도체,669799363355
2025-10-10,반도체,724753234940
2025-10-13,반도체,645578188275
2025-10-14,반도체,534958409650
2025-10-15,반도체,526315609360
2025-10-16,반도체,409305794570
2025-10-17,반도체,286392953385
2025-10-20,반도체,382172330500
2025-10-21,반도체,469962350365
2025-10-22,반도체,245068344850
2025-10-23,반도체,171573574590
2025-10-24,반도체,278230781760
2025-10-27,반도체,214659509335
2025-10-28,반도체,254402382795
2025-10-29,반도체,492022338285
2025-10-30,반도체,348855427995
2025-10-31,반도체,164893696095
2025-11-03,반도체,227565493500
2025-11-04,반도체,239679823920
2025-11-05,반도체,463251844479
2025-11-06,반도체,277092264099
2025-11-07,반도체,231785841370
2025-11-10,반도체,192549112189
2025-11-11,반도체,185863077017
2025-11-12,반도체,167724061661
2025-11-13,반도체,164150756000
2025-11-14,반도체,186232127730
2025-11-17,반도체,258090089230
2025-11-18,반도체,226240499185
2025-11-19,반도체,176325570685
2025-11-20,반도체,123233469680
2025-11-21,반도체,134291572045
2025-11-24,반도체,110503049220
2025-11-25,반도체,138216372495
2025-11-26,반도체,224993131970
2025-11-27,반도체,135564283580
2025-11-28,반도체,89705098445
2025-12-01,반도체,118697657195
2025-12-02,반도체,118002426715
2025-12-03,반도체,127198843250
2025-12-04,반도체,168604531175
2025-12-05,반도체,120637014815
2025-12-08,반도체,107548226550
2025-12-09,반도체,85708657620
2025-12-10,반도체,113297326770
2025-12-11,반도체,217099779370
2025-12-12,반도체,119989542680
2025-12-15,반도체,76444239540
2025-12-16,반도체,87056286280
2025-12-17,반도체,80447484460
2025-12-18,반도체,81015476596
2025-12-19,반도체,72357972040
2025-12-22,반도체,331802678385
2025-12-23,반도체,214809982394
2025-12-24,반도체,156074770997
2025-12-26,반도체,560074799050
2025-12-29,반도체,352981981985
2025-12-30,반도체,885212939310
2026-01-02,반도체,1086281332420
2026-01-05,반도체,1410941325400
2026-01-06,반도체,1228076068870
2026-01-07,반도체,1081068532860
2026-01-08,반도체,1133834489235
2026-01-09,반도체,616434763440
2026-01-12,반도체,505950287530
2026-01-13,반도체,322723384940
2026-01-14,반도체,659631600985
2026-01-15,반도체,337785102210
2026-01-16,반도체,348614413701
2026-01-19,반도체,266399194456
2026-01-20,반도체,223783457493
2026-01-21,반도체,227842794852
2026-01-22,반도체,240671061455
2026-01-23,반도체,165898401520
2026-01-26,반도체,210641621270
2025-01-31,소비재,49006882235
2025-02-03,소비재,71291958647
2025-02-04,소비재,41576077951
2025-02-05,소비재,36972725331
2025-02-06,소비재,314793460161
2025-02-07,소비재,63356614600
2025-02-10,소비재,51818373821
2025-02-11,소비재,64591122463
2025-02-12,소비재,53495279791
2025-02-13,소비재,76386080918
2025-02-14,소비재,103149924888
2025-02-17,소비재,92254638620
2025-02-18,소비재,46547258296
2025-02-19,소비재,45432177593
2025-02-20,소비재,79612568126
2025-02-21,소비재,73900896563
2025-02-24,소비재,35048767712
2025-02-25,소비재,61672340955
2025-02-26,소비재,36990476172
2025-02-27,소비재,43584566957
2025-02-28,소비재,64337292589
2025-03-04,소비재,67647342108
2025-03-05,소비재,79918660195
2025-03-06,소비재,78058646493
2025-03-07,소비재,62225082232
2025-03-10,소비재,37319587407
2025-03-11,소비재,57396574751
2025-03-12,소비재,53858095267
2025-03-13,소비재,57298995324
2025-03-14,소비재,43338062629
2025-03-17,소비재,57603512760
2025-03-18,소비재,40202615863
2025-03-19,소비재,72648223248
2025-03-20,소비재,51101138871
2025-03-21,소비재,52803567623
2025-03-24,소비재,34621504041
2025-03-25,소비재,42991854298
2025-03-26,소비재,37391693433
2025-03-27,소비재,57959553685
2025-03-28,소비재,44712927103
2025-03-31,소비재,51453219442
2025-04-01,소비재,71084782191
2025-04-02,소비재,48127376638
2025-04-03,소비재,51693914225
2025-04-04,소비재,116170752464
2025-04-07,소비재,68685444509
2025-04-08,소비재,42626067730
2025-04-09,소비재,36086062245
2025-04-10,소비재,76188729472
2025-04-11,소비재,59336331981
2025-04-14,소비재,45516239583
2025-04-15,소비재,40569973690
2025-04-16,소비재,91864022847
2025-04-17,소비재,49387484466
2025-04-18,소비재,36639161178
2025-04-21,소비재,27752759081
2025-04-22,소비재,28213821662
2025-04-23,소비재,45221011521
2025-04-24,소비재,38043347654
2025-04-25,소비재,35496390055
2025-04-28,소비재,26182500800
2025-04-29,소비재,52134117778
2025-04-30,소비재,39085927608
2025-05-02,소비재,40014457251
2025-05-07,소비재,85477850228
2025-05-08,소비재,62050745080
2025-05-09,소비재,55439392610
2025-05-12,소비재,65718704476
2025-05-13,소비재,41990302196
2025-05-14,소비재,118355032402
2025-05-15,소비재,50839614525
2025-05-16,소비재,295226008005
2025-05-19,소비재,86411192055
2025-05-20,소비재,50910626868
2025-05-21,소비재,52657437528
2025-05-22,소비재,56970396369
2025-05-23,소비재,37704967918
2025-05-26,소비재,75628092459
2025-05-27,소비재,38145938881
2025-05-28,소비재,61582069382
2025-05-29,소비재,53194242481
2025-05-30,소비재,488772575155
2025-06-02,소비재,87550004640
2025-06-04,소비재,74006318998
2025-06-05,소비재,49946796812
2025-06-09,소비재,66017437961
2025-06-10,소비재,58614837553
2025-06-11,소비재,93915896986
2025-06-12,소비재,84334856086
2025-06-13,소비재,78772103930
2025-06-16,소비재,96143660542
2025-06-17,소비재,82204555478
2025-06-18,소비재,55585871712
2025-06-19,소비재,40235921460
2025-06-20,소비재,209384695088
2025-06-23,소비재,132434770955
2025-06-24,소비재,80911787173
2025-06-25,소비재,60527888859
2025-06-26,소비재,59030628431
2025-06-27,소비재,54789873470
2025-06-30,소비재,231625870000
2025-07-01,소비재,71486166173
2025-07-02,소비재,90920740738
2025-07-03,소비재,62628084395
2025-07-04,소비재,70039684042
2025-07-07,소비재,70296605339
2025-07-08,소비재,120373700645
2025-07-09,소비재,85693544971
2025-07-10,소비재,80356813605
2025-07-11,소비재,103256392767
2025-07-14,소비재,160671527734
2025-07-15,소비재,57977517929
2025-07-16,소비재,102048482095
2025-07-17,소비재,69947470906
2025-07-18,소비재,173035947275
2025-07-21,소비재,71628785338
2025-07-22,소비재,104683365312
2025-07-23,소비재,74264050760
2025-07-24,소비재,80215426219
2025-07-25,소비재,51659326287
2025-07-28,소비재,55454460000
2025-07-29,소비재,58762071375
2025-07-30,소비재,49869478181
2025-07-31,소비재,126329767432
2025-08-01,소비재,71514964410
2025-08-04,소비재,61767835960
2025-08-05,소비재,44969003573
2025-08-06,소비재,105045329772
2025-08-07,소비재,52028051084
2025-08-08,소비재,70414465380
2025-08-11,소비재,94260750071
2025-08-12,소비재,57243129975
2025-08-13,소비재,72712308338
2025-08-14,소비재,106785930456
2025-08-18,소비재,83310625694
2025-08-19,소비재,68974512324
2025-08-20,소비재,83009046570
2025-08-21,소비재,68500657744
2025-08-22,소비재,67623000248
2025-08-25,소비재,37353686937
2025-08-26,소비재,113909809541
2025-08-27,소비재,80069683946
2025-08-28,소비재,165236760784
2025-08-29,소비재,55910425796
2025-09-01,소비재,42944199230
2025-09-02,소비재,34552325933
2025-09-03,소비재,35170401936
2025-09-04,소비재,30835928470
2025-09-05,소비재,26678826221
2025-09-08,소비재,29749885063
2025-09-09,소비재,47913189485
2025-09-10,소비재,49935733328
2025-09-11,소비재,128671847657
2025-09-12,소비재,55910788271
2025-09-15,소비재,39272082452
2025-09-16,소비재,60617582440
2025-09-17,소비재,59983918269
2025-09-18,소비재,60223578438
2025-09-19,소비재,149788495503
2025-09-22,소비재,53901500039
2025-09-23,소비재,65418179373
2025-09-24,소비재,37717587249
2025-09-25,소비재,59372513789
2025-09-26,소비재,66612891773
2025-09-29,소비재,76672909796
2025-09-30,소비재,76628318756
2025-10-01,소비재,82774062139
2025-10-02,소비재,73819000879
2025-10-10,소비재,72090293672
2025-10-13,소비재,58320377803
2025-10-14,소비재,71076531474
2025-10-15,소비재,97574426457
2025-10-16,소비재,88785986971
2025-10-17,소비재,114429854994
2025-10-20,소비재,91917645275
2025-10-21,소비재,100702251140
2025-10-22,소비재,76173075488
2025-10-23,소비재,75098768355
2025-10-24,소비재,72502633495
2025-10-27,소비재,76157762262
2025-10-28,소비재,82580121618
2025-10-29,소비재,70274010167
2025-10-30,소비재,329355917669
2025-10-31,소비재,129588515971
2025-11-03,소비재,110548188081
2025-11-04,소비재,108036085842
2025-11-05,소비재,78024777364
2025-11-06,소비재,87749982350
2025-11-07,소비재,43663187689
2025-11-10,소비재,38392451524
2025-11-11,소비재,69810179800
2025-11-12,소비재,47214692331
2025-11-13,소비재,135170451940
2025-11-14,소비재,111324842183
2025-11-17,소비재,118223979423
2025-11-18,소비재,67175372356
2025-11-19,소비재,68373000990
2025-11-20,소비재,289484156929
2025-11-21,소비재,102871852294
2025-11-24,소비재,83764279554
2025-11-25,소비재,61122286365
2025-11-26,소비재,89610805950
2025-11-27,소비재,99056895633
2025-11-28,소비재,52611732858
2025-12-01,소비재,194609156059
2025-12-02,소비재,70138496723
2025-12-03,소비재,37958663028
2025-12-04,소비재,75307994494
2025-12-05,소비재,71855084914
2025-12-08,소비재,57912139985
2025-12-09,소비재,47075561237
2025-12-10,소비재,48169423546
2025-12-11,소비재,78417206226
2025-12-12,소비재,47634927002
2025-12-15,소비재,78431625384
2025-12-16,소비재,157368309274
2025-12-17,소비재,42281520876
2025-12-18,소비재,86886646974
2025-12-19,소비재,66648763526
2025-12-22,소비재,66837887632
2025-12-23,소비재,34152727194
2025-12-24,소비재,29328388501
2025-12-26,소비재,71037657168
2025-12-29,소비재,71920511853
2025-12-30,소비재,51095513833
2026-01-02,소비재,223343501730
2026-01-05,소비재,185133193084
2026-01-06,소비재,81171972403
2026-01-07,소비재,376587730508
2026-01-08,소비재,169658383644
2026-01-09,소비재,124349433198
2026-01-12,소비재,83552584147
2026-01-13,소비재,71815168708
2026-01-14,소비재,78130186180
2026-01-15,소비재,62389122448
2026-01-16,소비재,44206115730
2026-01-19,소비재,49007523332
2026-01-20,소비재,99732779624
2026-01-21,소비재,82787464295
2026-01-22,소비재,164291245108
2026-01-23,소비재,64915855297
2026-01-26,소비재,62736496765
2025-01-31,우주/방산,481764172396
2025-02-03,우주/방산,317315870656
2025-02-04,우주/방산,432075977971
2025-02-05,우주/방산,188518520258
2025-02-06,우주/방산,350971862408
2025-02-07,우주/방산,394498515688
2025-02-10,우주/방산,329368652639
2025-02-11,우주/방산,1564112011763
2025-02-12,우주/방산,1036689845588
2025-02-13,우주/방산,691967010380
2025-02-14,우주/방산,639913386873
2025-02-17,우주/방산,839284618820
2025-02-18,우주/방산,1596775089840
2025-02-19,우주/방산,649911781735
2025-02-20,우주/방산,1316250845570
2025-02-21,우주/방산,691687615780
2025-02-24,우주/방산,461136596388
2025-02-25,우주/방산,488501704100
2025-02-26,우주/방산,416756790754
2025-02-27,우주/방산,941554635131
2025-02-28,우주/방산,750264547120
2025-03-04,우주/방산,1396709834378
2025-03-05,우주/방산,880958094835
2025-03-06,우주/방산,1056459830355
2025-03-07,우주/방산,1110998873010
2025-03-10,우주/방산,824652196970
2025-03-11,우주/방산,606909092790
2025-03-12,우주/방산,949236590395
2025-03-13,우주/방산,937169443015
2025-03-14,우주/방산,420717245548
2025-03-17,우주/방산,1074931819973
2025-03-18,우주/방산,984220001950
2025-03-19,우주/방산,771662795788
2025-03-20,우주/방산,655719365701
2025-03-21,우주/방산,1422147359315
2025-03-24,우주/방산,607959852869
2025-03-25,우주/방산,418243537577
2025-03-26,우주/방산,389516001386
2025-03-27,우주/방산,253732587425
2025-03-28,우주/방산,330194276050
2025-03-31,우주/방산,361151810750
2025-04-01,우주/방산,405690753692
2025-04-02,우주/방산,358871801460
2025-04-03,우주/방산,456268343040
2025-04-04,우주/방산,448190555643
2025-04-07,우주/방산,388016004928
2025-04-08,우주/방산,492942903242
2025-04-09,우주/방산,387523599718
2025-04-10,우주/방산,449824235110
2025-04-11,우주/방산,411904805060
2025-04-14,우주/방산,361731873643
2025-04-15,우주/방산,401952759053
2025-04-16,우주/방산,464207895284
2025-04-17,우주/방산,436151658400
2025-04-18,우주/방산,397494484046
2025-04-21,우주/방산,252648948850
2025-04-22,우주/방산,350773039605
2025-04-23,우주/방산,313542434150
2025-04-24,우주/방산,246903926890
2025-04-25,우주/방산,277543876287
2025-04-28,우주/방산,411524764911
2025-04-29,우주/방산,325868494918
2025-04-30,우주/방산,562417104400
2025-05-02,우주/방산,381666330407
2025-05-07,우주/방산,731774258120
2025-05-08,우주/방산,914529049130
2025-05-09,우주/방산,754963275602
2025-05-12,우주/방산,488058755068
2025-05-13,우주/방산,492897375673
2025-05-14,우주/방산,423096640756
2025-05-15,우주/방산,263974026570
2025-05-16,우주/방산,281222740966
2025-05-19,우주/방산,219406625774
2025-05-20,우주/방산,318667241165
2025-05-21,우주/방산,365272008455
2025-05-22,우주/방산,256815465980
2025-05-23,우주/방산,235609270660
2025-05-26,우주/방산,286667899100
2025-05-27,우주/방산,471365554370
2025-05-28,우주/방산,487176327125
2025-05-29,우주/방산,350576961680
2025-05-30,우주/방산,567574280510
2025-06-02,우주/방산,230936307150
2025-06-04,우주/방산,387016466910
2025-06-05,우주/방산,722953313160
2025-06-09,우주/방산,438105323405
2025-06-10,우주/방산,563357826625
2025-06-11,우주/방산,574477470805
2025-06-12,우주/방산,698513102510
2025-06-13,우주/방산,1158868689160
2025-06-16,우주/방산,677406159000
2025-06-17,우주/방산,517585383540
2025-06-18,우주/방산,435427730250
2025-06-19,우주/방산,390628384315
2025-06-20,우주/방산,653068651920
2025-06-23,우주/방산,503963767942
2025-06-24,우주/방산,780717813415
2025-06-25,우주/방산,613897070995
2025-06-26,우주/방산,620550644310
2025-06-27,우주/방산,524597239310
2025-06-30,우주/방산,372074141200
2025-07-01,우주/방산,303699705920
2025-07-02,우주/방산,455210474035
2025-07-03,우주/방산,386405895870
2025-07-04,우주/방산,431498575280
2025-07-07,우주/방산,348064614330
2025-07-08,우주/방산,368068139830
2025-07-09,우주/방산,464884052990
2025-07-10,우주/방산,493255307830
2025-07-11,우주/방산,435541090000
2025-07-14,우주/방산,447763231770
2025-07-15,우주/방산,415192684430
2025-07-16,우주/방산,294301176868
2025-07-17,우주/방산,587020950816
2025-07-18,우주/방산,280103542581
2025-07-21,우주/방산,349898454052
2025-07-22,우주/방산,400277496909
2025-07-23,우주/방산,363602680150
2025-07-24,우주/방산,385078281066
2025-07-25,우주/방산,227287712130
2025-07-28,우주/방산,445206920760
2025-07-29,우주/방산,668930569810
2025-07-30,우주/방산,565777957422
2025-07-31,우주/방산,785709429288
2025-08-01,우주/방산,606547160875
2025-08-04,우주/방산,217233544048
2025-08-05,우주/방산,283856884488
2025-08-06,우주/방산,341935972594
2025-08-07,우주/방산,287835486121
2025-08-08,우주/방산,737714120412
2025-08-11,우주/방산,271178462605
2025-08-12,우주/방산,396839090054
2025-08-13,우주/방산,582921043610
2025-08-14,우주/방산,344462825570
2025-08-18,우주/방산,322719666530
2025-08-19,우주/방산,370134852544
2025-08-20,우주/방산,433121531392
2025-08-21,우주/방산,247205711755
2025-08-22,우주/방산,398833249986
2025-08-25,우주/방산,261859372598
2025-08-26,우주/방산,842267023773
2025-08-27,우주/방산,289368840769
2025-08-28,우주/방산,285902678166
2025-08-29,우주/방산,274175554904
2025-09-01,우주/방산,267605547145
2025-09-02,우주/방산,263141644335
2025-09-03,우주/방산,234176683602
2025-09-04,우주/방산,226639272680
2025-09-05,우주/방산,318000434538
2025-09-08,우주/방산,273291893954
2025-09-09,우주/방산,282954363880
2025-09-10,우주/방산,408660203834
2025-09-11,우주/방산,631527668668
2025-09-12,우주/방산,324049477206
2025-09-15,우주/방산,287852253333
2025-09-16,우주/방산,494778161304
2025-09-17,우주/방산,828432641175
2025-09-18,우주/방산,481939191175
2025-09-19,우주/방산,686935209335
2025-09-22,우주/방산,363735103866
2025-09-23,우주/방산,286017949277
2025-09-24,우주/방산,546198724610
2025-09-25,우주/방산,418065629786
2025-09-26,우주/방산,371827066600
2025-09-29,우주/방산,289487283000
2025-09-30,우주/방산,535153216380
2025-10-01,우주/방산,310031490239
2025-10-02,우주/방산,425273777460
2025-10-10,우주/방산,547960224980
2025-10-13,우주/방산,395455292112
2025-10-14,우주/방산,497367891743
2025-10-15,우주/방산,431014805900
2025-10-16,우주/방산,359972171670
2025-10-17,우주/방산,341111244580
2025-10-20,우주/방산,322092095690
2025-10-21,우주/방산,392537331550
2025-10-22,우주/방산,407810293340
2025-10-23,우주/방산,551527974330
2025-10-24,우주/방산,448689580810
2025-10-27,우주/방산,439506915170
2025-10-28,우주/방산,331865572070
2025-10-29,우주/방산,289317795750
2025-10-30,우주/방산,362969019900
2025-10-31,우주/방산,279831451550
2025-11-03,우주/방산,581965822470
2025-11-04,우주/방산,334897958980
2025-11-05,우주/방산,574824778924
2025-11-06,우주/방산,321943832760
2025-11-07,우주/방산,638370184800
2025-11-10,우주/방산,308239339539
2025-11-11,우주/방산,261225934112
2025-11-12,우주/방산,334456519296
2025-11-13,우주/방산,236189752687
2025-11-14,우주/방산,331667154261
2025-11-17,우주/방산,402864847558
2025-11-18,우주/방산,433814072300
2025-11-19,우주/방산,506583398936
2025-11-20,우주/방산,319126401023
2025-11-21,우주/방산,336906926732
2025-11-24,우주/방산,467046637818
2025-11-25,우주/방산,282571665002
2025-11-26,우주/방산,233348256170
2025-11-27,우주/방산,259934495618
2025-11-28,우주/방산,267554269083
2025-12-01,우주/방산,387163299760
2025-12-02,우주/방산,359608048960
2025-12-03,우주/방산,365501161860
2025-12-04,우주/방산,171915391818
2025-12-05,우주/방산,272976859130
2025-12-08,우주/방산,343306428903
2025-12-09,우주/방산,328016883010
2025-12-10,우주/방산,240055851880
2025-12-11,우주/방산,369679589732
2025-12-12,우주/방산,584018632137
2025-12-15,우주/방산,329798788028
2025-12-16,우주/방산,300871667930
2025-12-17,우주/방산,190799385450
2025-12-18,우주/방산,238078509028
2025-12-19,우주/방산,514403078772
2025-12-22,우주/방산,422586984910
2025-12-23,우주/방산,310326154429
2025-12-24,우주/방산,568224077380
2025-12-26,우주/방산,278112349086
2025-12-29,우주/방산,597879583530
2025-12-30,우주/방산,331987835280
2026-01-02,우주/방산,476600673785
2026-01-05,우주/방산,872528935428
2026-01-06,우주/방산,1089637125072
2026-01-07,우주/방산,643243202340
2026-01-08,우주/방산,1227156207478
2026-01-09,우주/방산,1219971092930
2026-01-12,우주/방산,806495124326
2026-01-13,우주/방산,792405648035
2026-01-14,우주/방산,560543578550
2026-01-15,우주/방산,702271075364
2026-01-16,우주/방산,1093026054136
2026-01-19,우주/방산,713639630100
2026-01-20,우주/방산,840487305960
2026-01-21,우주/방산,761827034826
2026-01-22,우주/방산,758639170888
2026-01-23,우주/방산,602566032910
2026-01-26,우주/방산,465993816872
2025-01-31,증권,44156894535
2025-02-03,증권,44210279580
2025-02-04,증권,38877825070
2025-02-05,증권,52184647885
2025-02-06,증권,48179657025
2025-02-07,증권,52167363945
2025-02-10,증권,39830186910
2025-02-11,증권,35224167925
2025-02-12,증권,42052714110
2025-02-13,증권,71202063160
2025-02-14,증권,60981142700
2025-02-17,증권,68799542220
2025-02-18,증권,44828335410
2025-02-19,증권,55235910560
2025-02-20,증권,53408531215
2025-02-21,증권,40486737995
2025-02-24,증권,24929149105
2025-02-25,증권,45137235215
2025-02-26,증권,37898571950
2025-02-27,증권,34543890675
2025-02-28,증권,70720805560
2025-03-04,증권,39611968750
2025-03-05,증권,41462878255
2025-03-06,증권,49433164155
2025-03-07,증권,39766135410
2025-03-10,증권,45483198970
2025-03-11,증권,45344406050
2025-03-12,증권,51257399375
2025-03-13,증권,69387750240
2025-03-14,증권,35247618895
2025-03-17,증권,58691793435
2025-03-18,증권,45936244430
2025-03-19,증권,59554266355
2025-03-20,증권,53296660575
2025-03-21,증권,73605321180
2025-03-24,증권,41629753390
2025-03-25,증권,46389257760
2025-03-26,증권,67203974995
2025-03-27,증권,41232821165
2025-03-28,증권,41867436175
2025-03-31,증권,40676871590
2025-04-01,증권,41575702275
2025-04-02,증권,34942054960
2025-04-03,증권,45339505390
2025-04-04,증권,52607841175
2025-04-07,증권,64572316135
2025-04-08,증권,33953225535
2025-04-09,증권,39345577920
2025-04-10,증권,45332254655
2025-04-11,증권,25495497650
2025-04-14,증권,24277255155
2025-04-15,증권,30676279760
2025-04-16,증권,24847885785
2025-04-17,증권,23905796370
2025-04-18,증권,17889748765
2025-04-21,증권,36670282170
2025-04-22,증권,46148970730
2025-04-23,증권,46000169440
2025-04-24,증권,29247262335
2025-04-25,증권,42157162130
2025-04-28,증권,42810988555
2025-04-29,증권,82952653830
2025-04-30,증권,176275917595
2025-05-02,증권,80321208760
2025-05-07,증권,90328530970
2025-05-08,증권,75956978320
2025-05-09,증권,56216350575
2025-05-12,증권,115863571370
2025-05-13,증권,82819699140
2025-05-14,증권,78440400840
2025-05-15,증권,79449925830
2025-05-16,증권,80125535500
2025-05-19,증권,74009240830
2025-05-20,증권,65569451405
2025-05-21,증권,101591126605
2025-05-22,증권,81320047770
2025-05-23,증권,74670059535
2025-05-26,증권,56142284385
2025-05-27,증권,83643735385
2025-05-28,증권,91690399175
2025-05-29,증권,447391340245
2025-05-30,증권,242163784875
2025-06-02,증권,230038490090
2025-06-04,증권,439781046510
2025-06-05,증권,206698941080
2025-06-09,증권,347200761880
2025-06-10,증권,215903066395
2025-06-11,증권,264503998875
2025-06-12,증권,385840996420
2025-06-13,증권,234762632605
2025-06-16,증권,231189581030
2025-06-17,증권,380551503830
2025-06-18,증권,215377564825
2025-06-19,증권,187936946500
2025-06-20,증권,285156504975
2025-06-23,증권,589366731010
2025-06-24,증권,427632422300
2025-06-25,증권,372810831635
2025-06-26,증권,372082360370
2025-06-27,증권,227520732885
2025-06-30,증권,191685765650
2025-07-01,증권,321864891600
2025-07-02,증권,226169878545
2025-07-03,증권,186681512180
2025-07-04,증권,287852732695
2025-07-07,증권,183441655660
2025-07-08,증권,303233734980
2025-07-09,증권,533890979670
2025-07-10,증권,350494682735
2025-07-11,증권,274284793680
2025-07-14,증권,254714759310
2025-07-15,증권,232586546060
2025-07-16,증권,306525009320
2025-07-17,증권,158925821420
2025-07-18,증권,179785215210
2025-07-21,증권,161979110650
2025-07-22,증권,210271318110
2025-07-23,증권,161747986570
2025-07-24,증권,176889522165
2025-07-25,증권,120758787510
2025-07-28,증권,191794444490
2025-07-29,증권,117349078635
2025-07-30,증권,125159012720
2025-07-31,증권,134720902120
2025-08-01,증권,210048827465
2025-08-04,증권,113136162650
2025-08-05,증권,126261982390
2025-08-06,증권,86704994410
2025-08-07,증권,134272640030
2025-08-08,증권,69536166880
2025-08-11,증권,116436817095
2025-08-12,증권,147576755465
2025-08-13,증권,83575027760
2025-08-14,증권,86962148550
2025-08-18,증권,82473651515
2025-08-19,증권,78703800810
2025-08-20,증권,129652629320
2025-08-21,증권,68619054745
2025-08-22,증권,83549106230
2025-08-25,증권,148882425190
2025-08-26,증권,99277447110
2025-08-27,증권,74384406420
2025-08-28,증권,212120351715
2025-08-29,증권,102996746100
2025-09-01,증권,85114623910
2025-09-02,증권,66089908310
2025-09-03,증권,64711261540
2025-09-04,증권,80408837970
2025-09-05,증권,56283189695
2025-09-08,증권,117331893370
2025-09-09,증권,390642903930
2025-09-10,증권,317396036370
2025-09-11,증권,352037546375
2025-09-12,증권,172229321275
2025-09-15,증권,354288788790
2025-09-16,증권,161144058300
2025-09-17,증권,149461612260
2025-09-18,증권,177675525730
2025-09-19,증권,200250066705
2025-09-22,증권,115538040625
2025-09-23,증권,139222198655
2025-09-24,증권,194862384080
2025-09-25,증권,147198205890
2025-09-26,증권,191783912280
2025-09-29,증권,330016903350
2025-09-30,증권,253087845375
2025-10-01,증권,131832447425
2025-10-02,증권,285951120350
2025-10-10,증권,193422398200
2025-10-13,증권,135932168530
2025-10-14,증권,151438122470
2025-10-15,증권,156876334150
2025-10-16,증권,212303458955
2025-10-17,증권,177587802390
2025-10-20,증권,481662582330
2025-10-21,증권,314755994525
2025-10-22,증권,188934410225
2025-10-23,증권,164117129830
2025-10-24,증권,232666248370
2025-10-27,증권,428667750050
2025-10-28,증권,215474016435
2025-10-29,증권,208158411130
2025-10-30,증권,273213056560
2025-10-31,증권,252199882250
2025-11-03,증권,244050533045
2025-11-04,증권,261783287510
2025-11-05,증권,307067075720
2025-11-06,증권,546071579510
2025-11-07,증권,252738125980
2025-11-10,증권,361761360160
2025-11-11,증권,259601697755
2025-11-12,증권,400804958310
2025-11-13,증권,250626399095
2025-11-14,증권,220104814330
2025-11-17,증권,161192006150
2025-11-18,증권,210478490970
2025-11-19,증권,155193990680
2025-11-20,증권,164150168130
2025-11-21,증권,162704143950
2025-11-24,증권,227070880400
2025-11-25,증권,135841247820
2025-11-26,증권,160798448715
2025-11-27,증권,121142767010
2025-11-28,증권,115342876860
2025-12-01,증권,125860644605
2025-12-02,증권,155817309530
2025-12-03,증권,201319838875
2025-12-04,증권,125590544845
2025-12-05,증권,115501667945
2025-12-08,증권,100137999585
2025-12-09,증권,103243455240
2025-12-10,증권,87297151905
2025-12-11,증권,207575429125
2025-12-12,증권,187029730140
2025-12-15,증권,121462148910
2025-12-16,증권,153189360260
2025-12-17,증권,188405778750
2025-12-18,증권,334130472110
2025-12-19,증권,597720273090
2025-12-22,증권,281961624400
2025-12-23,증권,677260666465
2025-12-24,증권,319352252965
2025-12-26,증권,426526739860
2025-12-29,증권,259363907590
2025-12-30,증권,156127868345
2026-01-02,증권,258542207175
2026-01-05,증권,255200711890
2026-01-06,증권,739043089250
2026-01-07,증권,338091622030
2026-01-08,증권,246814522045
2026-01-09,증권,200748522790
2026-01-12,증권,408398947870
2026-01-13,증권,204073979855
2026-01-14,증권,275384711790
2026-01-15,증권,398726789680
2026-01-16,증권,362468270320
2026-01-19,증권,246857548660
2026-01-20,증권,256095833460
2026-01-21,증권,222086495650
2026-01-22,증권,285691081325
2026-01-23,증권,1235824518410
2026-01-26,증권,468347502730
2025-01-31,지주사,327768493680
2025-02-03,지주사,319469047240
2025-02-04,지주사,433500736230
2025-02-05,지주사,341676907445
2025-02-06,지주사,321979908765
2025-02-07,지주사,252835064255
2025-02-10,지주사,375482213690
2025-02-11,지주사,239030482740
2025-02-12,지주사,324347008240
2025-02-13,지주사,499992847200
2025-02-14,지주사,285354668290
2025-02-17,지주사,354221635585
2025-02-18,지주사,280334029010
2025-02-19,지주사,421068372350
2025-02-20,지주사,471927849160
2025-02-21,지주사,657949778970
2025-02-24,지주사,495372680590
2025-02-25,지주사,414452946510
2025-02-26,지주사,463967544045
2025-02-27,지주사,357460472195
2025-02-28,지주사,529449052575
2025-03-04,지주사,358815835150
2025-03-05,지주사,493940711350
2025-03-06,지주사,606327599940
2025-03-07,지주사,838078944580
2025-03-10,지주사,395691465905
2025-03-11,지주사,443360104300
2025-03-12,지주사,454459699130
2025-03-13,지주사,489273767730
2025-03-14,지주사,364132083525
2025-03-17,지주사,294615361870
2025-03-18,지주사,291468134470
2025-03-19,지주사,329114551630
2025-03-20,지주사,554455887950
2025-03-21,지주사,516310395325
2025-03-24,지주사,290416633260
2025-03-25,지주사,246186406530
2025-03-26,지주사,210437047975
2025-03-27,지주사,210987071960
2025-03-28,지주사,223326749290
2025-03-31,지주사,312705148250
2025-04-01,지주사,224706770180
2025-04-02,지주사,277453294590
2025-04-03,지주사,312015665890
2025-04-04,지주사,315472413815
2025-04-07,지주사,439096134330
2025-04-08,지주사,362214438440
2025-04-09,지주사,396364700490
2025-04-10,지주사,559565599640
2025-04-11,지주사,370280771920
2025-04-14,지주사,251049473060
2025-04-15,지주사,227984780050
2025-04-16,지주사,174835020500
2025-04-17,지주사,185345291030
2025-04-18,지주사,146199599175
2025-04-21,지주사,186788216435
2025-04-22,지주사,248183463100
2025-04-23,지주사,244967396660
2025-04-24,지주사,192541267440
2025-04-25,지주사,381709902080
2025-04-28,지주사,231680387300
2025-04-29,지주사,252791301990
2025-04-30,지주사,326992624600
2025-05-02,지주사,213178051315
2025-05-07,지주사,326645782530
2025-05-08,지주사,315829199825
2025-05-09,지주사,223243949470
2025-05-12,지주사,210083238430
2025-05-13,지주사,319701881460
2025-05-14,지주사,303920176340
2025-05-15,지주사,265097054350
2025-05-16,지주사,215727143020
2025-05-19,지주사,445025515810
2025-05-20,지주사,453727741370
2025-05-21,지주사,219216275810
2025-05-22,지주사,296388738440
2025-05-23,지주사,239754119440
2025-05-26,지주사,291067798380
2025-05-27,지주사,215518487920
2025-05-28,지주사,356257870000
2025-05-29,지주사,417311955510
2025-05-30,지주사,759865073500
2025-06-02,지주사,426570288530
2025-06-04,지주사,766173555500
2025-06-05,지주사,551705548360
2025-06-09,지주사,609039734210
2025-06-10,지주사,544346162520
2025-06-11,지주사,412574531870
2025-06-12,지주사,621524076580
2025-06-13,지주사,542051034660
2025-06-16,지주사,325700641000
2025-06-17,지주사,454051512730
2025-06-18,지주사,411251189150
2025-06-19,지주사,348631922160
2025-06-20,지주사,810893981580
2025-06-23,지주사,424950225070
2025-06-24,지주사,463270302900
2025-06-25,지주사,1233405312090
2025-06-26,지주사,446768036350
2025-06-27,지주사,379170483340
2025-06-30,지주사,425016478270
2025-07-01,지주사,746491685760
2025-07-02,지주사,547216934580
2025-07-03,지주사,793105880830
2025-07-04,지주사,624700484700
2025-07-07,지주사,453042449760
2025-07-08,지주사,772929962280
2025-07-09,지주사,675433159370
2025-07-10,지주사,676041356000
2025-07-11,지주사,591640620440
2025-07-14,지주사,505862647840
2025-07-15,지주사,435587335920
2025-07-16,지주사,635518349250
2025-07-17,지주사,453076408050
2025-07-18,지주사,426239311400
2025-07-21,지주사,497839132250
2025-07-22,지주사,376880777030
2025-07-23,지주사,501721786160
2025-07-24,지주사,408713470080
2025-07-25,지주사,473523736360
2025-07-28,지주사,620963187860
2025-07-29,지주사,443947655090
2025-07-30,지주사,306900414570
2025-07-31,지주사,318539642480
2025-08-01,지주사,457313833920
2025-08-04,지주사,376092071450
2025-08-05,지주사,379423006560
2025-08-06,지주사,249846372050
2025-08-07,지주사,316176911710
2025-08-08,지주사,288432657630
2025-08-11,지주사,291587008610
2025-08-12,지주사,285329149290
2025-08-13,지주사,255054359650
2025-08-14,지주사,402220756050
2025-08-18,지주사,370035529060
2025-08-19,지주사,307162302050
2025-08-20,지주사,387106493470
2025-08-21,지주사,443531903490
2025-08-22,지주사,270566162300
2025-08-25,지주사,294006423220
2025-08-26,지주사,781754663770
2025-08-27,지주사,281269904250
2025-08-28,지주사,373707318900
2025-08-29,지주사,317834039320
2025-09-01,지주사,242672272100
2025-09-02,지주사,218580851900
2025-09-03,지주사,228051322430
2025-09-04,지주사,260662107880
2025-09-05,지주사,316584171270
2025-09-08,지주사,248307258380
2025-09-09,지주사,576093212140
2025-09-10,지주사,598713377790
2025-09-11,지주사,666868417540
2025-09-12,지주사,432041151830
2025-09-15,지주사,503309233160
2025-09-16,지주사,438001939370
2025-09-17,지주사,330486271800
2025-09-18,지주사,395103971330
2025-09-19,지주사,643591055810
2025-09-22,지주사,352300148200
2025-09-23,지주사,309982161000
2025-09-24,지주사,392863779740
2025-09-25,지주사,404997718280
2025-09-26,지주사,394924643470
2025-09-29,지주사,347370442850
2025-09-30,지주사,345318107000
2025-10-01,지주사,226464528620
2025-10-02,지주사,528226409900
2025-10-10,지주사,759668138860
2025-10-13,지주사,817687599700
2025-10-14,지주사,579544314650
2025-10-15,지주사,423557230300
2025-10-16,지주사,455084209250
2025-10-17,지주사,503737956300
2025-10-20,지주사,665886468050
2025-10-21,지주사,500549348850
2025-10-22,지주사,504779393500
2025-10-23,지주사,487518469200
2025-10-24,지주사,563837004000
2025-10-27,지주사,672593781250
2025-10-28,지주사,434518394850
2025-10-29,지주사,670928040450
2025-10-30,지주사,662962745200
2025-10-31,지주사,607712125800
2025-11-03,지주사,535967170100
2025-11-04,지주사,724444423450
2025-11-05,지주사,655954999900
2025-11-06,지주사,676442945100
2025-11-07,지주사,574061420250
2025-11-10,지주사,632428122750
2025-11-11,지주사,516231192550
2025-11-12,지주사,765060730300
2025-11-13,지주사,686216753850
2025-11-14,지주사,405087790300
2025-11-17,지주사,567885921550
2025-11-18,지주사,545053530600
2025-11-19,지주사,551068508550
2025-11-20,지주사,425069426050
2025-11-21,지주사,361825833800
2025-11-24,지주사,798509445400
2025-11-25,지주사,362431172450
2025-11-26,지주사,389996311450
2025-11-27,지주사,342038100300
2025-11-28,지주사,438894303350
2025-12-01,지주사,569519213100
2025-12-02,지주사,559460594850
2025-12-03,지주사,360975944200
2025-12-04,지주사,876073276600
2025-12-05,지주사,737498387800
2025-12-08,지주사,557704436100
2025-12-09,지주사,359711465800
2025-12-10,지주사,488223799600
2025-12-11,지주사,654175238550
2025-12-12,지주사,612141964200
2025-12-15,지주사,1229917328500
2025-12-16,지주사,785981606950
2025-12-17,지주사,588847621700
2025-12-18,지주사,555134189400
2025-12-19,지주사,716418231150
2025-12-22,지주사,660706738950
2025-12-23,지주사,530668683200
2025-12-24,지주사,654135867850
2025-12-26,지주사,1012548839100
2025-12-29,지주사,1246864884800
2025-12-30,지주사,914519882000
2026-01-02,지주사,616847602400
2026-01-05,지주사,647708531150
2026-01-06,지주사,555443867500
2026-01-07,지주사,625324808250
2026-01-08,지주사,533492562600
2026-01-09,지주사,511234189200
2026-01-12,지주사,537684848400
2026-01-13,지주사,1362467760100
2026-01-14,지주사,668846609600
2026-01-15,지주사,785330105300
2026-01-16,지주사,814477866400
2026-01-19,지주사,687795658150
2026-01-20,지주사,855168881000
2026-01-21,지주사,735711165500
2026-01-22,지주사,1026041317050
2026-01-23,지주사,1092647489250
2026-01-26,지주사,746505054400
